labels,scores,label
"['Sport' 'Culture' 'Travel' 'Business' 'Science' 'Technology' 'Music'
 'Health' 'Food' 'World' 'Politics']","[8.9072800e-01 4.2990580e-02 1.6657947e-02 1.5478192e-02 1.4109446e-02
 8.7852934e-03 3.6008779e-03 3.2503216e-03 2.1269091e-03 1.6611266e-03
 6.1136187e-04]",Sport
"['Politics' 'Culture' 'Business' 'Sport' 'Science' 'World' 'Music'
 'Technology' 'Health' 'Travel' 'Food']","[9.6209729e-01 1.0566838e-02 1.0536679e-02 4.5251036e-03 4.0516988e-03
 2.2212511e-03 1.4035841e-03 1.3624168e-03 1.2182536e-03 1.1871725e-03
 8.2966837e-04]",Politics
"['Music' 'Culture' 'Health' 'Travel' 'Science' 'Business' 'Sport'
 'Technology' 'World' 'Food' 'Politics']","[9.4707555e-01 4.5262769e-02 2.5228190e-03 1.2508129e-03 1.1357685e-03
 7.8521192e-04 6.0016260e-04 5.7644682e-04 3.7600525e-04 3.1624868e-04
 9.8233009e-05]",Music
"['Sport' 'Business' 'World' 'Health' 'Science' 'Travel' 'Music' 'Culture'
 'Technology' 'Politics' 'Food']","[8.8193983e-01 4.0212538e-02 2.7070556e-02 1.8365026e-02 1.1875439e-02
 8.1910174e-03 3.9819912e-03 3.2821691e-03 2.8685171e-03 1.4404668e-03
 7.7236607e-04]",Sport
"['World' 'Culture' 'Travel' 'Science' 'Technology' 'Business' 'Politics'
 'Sport' 'Food' 'Health' 'Music']","[0.62565833 0.17055269 0.11382687 0.02884337 0.02073302 0.01090121
 0.00908873 0.00602453 0.00573708 0.00533845 0.00329566]",World
"['Business' 'Culture' 'Health' 'World' 'Food' 'Sport' 'Politics' 'Science'
 'Technology' 'Music' 'Travel']","[9.8385090e-01 4.1118353e-03 2.6590638e-03 2.0041263e-03 1.8316157e-03
 1.7462822e-03 1.6952573e-03 8.6952926e-04 6.6919776e-04 4.0636500e-04
 1.5576083e-04]",Business
"['Food' 'Culture' 'Travel' 'Science' 'Music' 'Politics' 'Health' 'Sport'
 'Technology' 'World' 'Business']","[0.7004697  0.13391036 0.11589977 0.01200791 0.01114031 0.00838466
 0.00475932 0.00359653 0.00340126 0.00327124 0.00315905]",Food
"['World' 'Science' 'Politics' 'Travel' 'Business' 'Technology' 'Culture'
 'Sport' 'Food' 'Music' 'Health']","[0.6885274  0.14589566 0.0721031  0.02450314 0.01831067 0.0161957
 0.01303762 0.00956582 0.00564467 0.00374524 0.00247102]",Science
"['Music' 'Culture' 'Health' 'Sport' 'Travel' 'Business' 'Science'
 'Technology' 'World' 'Food' 'Politics']","[9.8205906e-01 1.4448679e-02 1.2794021e-03 6.3605810e-04 5.4885994e-04
 3.0313715e-04 2.6014939e-04 2.3417051e-04 9.3410621e-05 8.7320150e-05
 4.9680737e-05]",Music
"['Sport' 'Health' 'Travel' 'Science' 'Technology' 'Food' 'Culture' 'World'
 'Business' 'Politics' 'Music']","[9.1834903e-01 2.1549126e-02 1.6662395e-02 1.4838600e-02 1.1749610e-02
 4.5942548e-03 3.8416486e-03 3.3163808e-03 3.0077782e-03 1.2319669e-03
 8.5922191e-04]",Sport
"['Science' 'Travel' 'Culture' 'World' 'Health' 'Music' 'Technology'
 'Sport' 'Business' 'Food' 'Politics']","[9.5919794e-01 1.9235941e-02 1.0098179e-02 5.2438495e-03 1.9404722e-03
 1.8891185e-03 7.8662502e-04 5.0361553e-04 4.5975417e-04 3.3831160e-04
 3.0631750e-04]",Science
"['Music' 'Culture' 'Travel' 'Science' 'World' 'Technology' 'Health'
 'Business' 'Sport' 'Food' 'Politics']","[9.1650671e-01 5.4132428e-02 2.0185908e-02 2.5070633e-03 1.6583767e-03
 1.3354393e-03 1.2977927e-03 9.9761994e-04 7.4869249e-04 4.8185125e-04
 1.4815066e-04]",Music
"['Technology' 'Science' 'Culture' 'Health' 'Business' 'World' 'Sport'
 'Travel' 'Music' 'Politics' 'Food']","[0.47429505 0.39035606 0.08110915 0.03231926 0.00496467 0.0043917
 0.00430883 0.00361625 0.00284455 0.00094113 0.00085331]",Science
"['Music' 'Culture' 'Technology' 'Business' 'Health' 'Sport' 'Science'
 'Travel' 'Politics' 'World' 'Food']","[9.5194989e-01 3.7775032e-02 2.8153849e-03 2.6889096e-03 1.6007706e-03
 1.0477462e-03 6.7446561e-04 5.2667980e-04 4.5369702e-04 2.5699139e-04
 2.1039516e-04]",Music
"['World' 'Science' 'Health' 'Culture' 'Business' 'Travel' 'Politics'
 'Food' 'Sport' 'Technology' 'Music']","[8.4495306e-01 7.4777193e-02 3.1145638e-02 2.5459582e-02 1.0472937e-02
 4.3902691e-03 3.6814192e-03 2.0619060e-03 1.5747946e-03 8.8595797e-04
 5.9729442e-04]",Health
"['World' 'Travel' 'Sport' 'Science' 'Technology' 'Health' 'Business'
 'Food' 'Politics' 'Music' 'Culture']","[0.7235161  0.08419585 0.04451143 0.04118286 0.03322068 0.02820525
 0.01916688 0.00834774 0.00678925 0.00567614 0.0051877 ]",Politics
"['Business' 'Culture' 'Technology' 'Health' 'Science' 'World' 'Sport'
 'Travel' 'Music' 'Politics' 'Food']","[0.72506315 0.13616085 0.06837724 0.01748101 0.01530028 0.01392928
 0.00649029 0.00583368 0.00552911 0.00294333 0.00289177]",Business
"['Culture' 'Science' 'Travel' 'Food' 'Sport' 'Business' 'Health'
 'Politics' 'Technology' 'Music' 'World']","[0.4109561  0.23939824 0.16594002 0.04925279 0.03773236 0.02906377
 0.01983373 0.01477039 0.01347918 0.01307482 0.00649862]",Culture
"['Politics' 'Business' 'Culture' 'Health' 'Science' 'Food' 'Technology'
 'Travel' 'Sport' 'World' 'Music']","[0.47213852 0.34637025 0.06546982 0.03694084 0.0182104  0.01504162
 0.01327288 0.0113602  0.00819101 0.00714131 0.00586308]",Politics
"['Music' 'Culture' 'Health' 'World' 'Science' 'Technology' 'Sport'
 'Business' 'Travel' 'Food' 'Politics']","[8.0195034e-01 1.8112311e-01 4.0378566e-03 2.6211713e-03 2.1206778e-03
 2.0517858e-03 1.8584999e-03 1.7851072e-03 1.3578942e-03 8.0619345e-04
 2.8739244e-04]",Culture
"['Sport' 'Business' 'Culture' 'Health' 'World' 'Music' 'Science' 'Travel'
 'Technology' 'Politics' 'Food']","[8.8707912e-01 3.1020666e-02 2.9354138e-02 1.4007476e-02 8.6950306e-03
 8.4433239e-03 7.8871073e-03 5.2390555e-03 4.3995422e-03 3.5421900e-03
 3.3225818e-04]",Sport
"['Travel' 'Culture' 'Science' 'World' 'Technology' 'Music' 'Sport' 'Food'
 'Health' 'Business' 'Politics']","[9.15268719e-01 3.60507295e-02 2.86023729e-02 1.38644995e-02
 2.15404062e-03 1.45966676e-03 1.01262843e-03 5.20317757e-04
 5.16432920e-04 3.44984524e-04 2.05528122e-04]",Travel
"['Science' 'Health' 'World' 'Business' 'Technology' 'Culture' 'Food'
 'Sport' 'Travel' 'Music' 'Politics']","[5.5357230e-01 3.9513844e-01 3.2718226e-02 5.7064313e-03 4.6510906e-03
 3.9947028e-03 2.3240864e-03 7.8591227e-04 5.7589234e-04 2.9473845e-04
 2.3808677e-04]",Science
"['Travel' 'Food' 'Culture' 'Science' 'World' 'Health' 'Music' 'Sport'
 'Politics' 'Business' 'Technology']","[0.43540263 0.39793038 0.09617079 0.02084578 0.01584921 0.00860235
 0.0085598  0.00664485 0.00482038 0.00404106 0.00113278]",Food
"['Music' 'Culture' 'Technology' 'Sport' 'Business' 'Travel' 'Health'
 'Science' 'World' 'Food' 'Politics']","[8.7995654e-01 5.5621628e-02 4.6811003e-02 4.9399515e-03 3.9090328e-03
 2.6018065e-03 2.5900656e-03 2.1966889e-03 1.0053449e-03 2.4041039e-04
 1.2748086e-04]",Music
"['Sport' 'Technology' 'Travel' 'Science' 'Health' 'World' 'Food'
 'Business' 'Music' 'Culture' 'Politics']","[0.82186675 0.07691143 0.04059574 0.03181828 0.01236821 0.00500066
 0.0037584  0.0031903  0.00233557 0.00113213 0.00102256]",Sport
"['World' 'Science' 'Business' 'Politics' 'Travel' 'Technology' 'Culture'
 'Food' 'Health' 'Music' 'Sport']","[9.9466044e-01 1.6804347e-03 8.6849072e-04 5.3323916e-04 4.7784805e-04
 4.1826535e-04 2.9980190e-04 2.9740250e-04 2.9370506e-04 2.4614838e-04
 2.2421622e-04]",World
"['Technology' 'Culture' 'Health' 'Science' 'Travel' 'Sport' 'Business'
 'Music' 'World' 'Food' 'Politics']","[9.7219414e-01 1.2222664e-02 7.7836295e-03 2.8510366e-03 1.6398829e-03
 1.2253142e-03 6.5573177e-04 6.4820843e-04 5.1869015e-04 2.1258254e-04
 4.8122503e-05]",Technology
"['Culture' 'Science' 'Travel' 'World' 'Business' 'Food' 'Health' 'Music'
 'Sport' 'Technology' 'Politics']","[7.0074892e-01 2.4164681e-01 4.2986870e-02 4.6838508e-03 1.9784512e-03
 1.9348869e-03 1.7294836e-03 1.5582952e-03 1.3827247e-03 9.7377435e-04
 3.7597792e-04]",Culture
"['Business' 'Politics' 'Culture' 'Science' 'World' 'Sport' 'Technology'
 'Health' 'Travel' 'Music' 'Food']","[0.58998877 0.2976428  0.05870792 0.01152205 0.01024354 0.00797032
 0.00776822 0.00704494 0.00529093 0.00231016 0.00151041]",Politics
"['Business' 'Culture' 'Sport' 'Science' 'World' 'Health' 'Politics'
 'Music' 'Travel' 'Technology' 'Food']","[0.47755146 0.25437927 0.12673208 0.04492012 0.0242859  0.0212299
 0.01789292 0.01149499 0.00935417 0.00738791 0.00477118]",Business
"['Science' 'Culture' 'World' 'Travel' 'Health' 'Technology' 'Food' 'Music'
 'Business' 'Sport' 'Politics']","[0.8151789  0.08818027 0.04052663 0.03555492 0.0087317  0.00311993
 0.00235712 0.00223435 0.00194396 0.00114903 0.00102317]",Science
"['Sport' 'Science' 'Culture' 'Business' 'World' 'Music' 'Health'
 'Technology' 'Travel' 'Politics' 'Food']","[8.6017942e-01 3.4654353e-02 3.4087207e-02 2.8396508e-02 1.4615604e-02
 1.2826472e-02 6.3952282e-03 3.5404165e-03 3.4345998e-03 1.4861197e-03
 3.8406331e-04]",Sport
"['Music' 'Culture' 'Sport' 'Technology' 'Travel' 'Health' 'Business'
 'Science' 'World' 'Food' 'Politics']","[9.4609594e-01 4.8721891e-02 1.5492416e-03 8.6580630e-04 7.7400502e-04
 7.6158560e-04 4.9845647e-04 2.4374654e-04 1.8411802e-04 1.6145839e-04
 1.4386038e-04]",Culture
"['World' 'Science' 'Health' 'Culture' 'Technology' 'Sport' 'Travel'
 'Music' 'Business' 'Food' 'Politics']","[8.57926071e-01 1.17630556e-01 5.21007180e-03 4.17328579e-03
 3.75474500e-03 3.59760760e-03 2.36491021e-03 1.72684412e-03
 1.51629397e-03 1.30044587e-03 7.99220521e-04]",World
"['Food' 'Health' 'Culture' 'Travel' 'Science' 'Music' 'World' 'Business'
 'Politics' 'Technology' 'Sport']","[9.5284933e-01 1.4561585e-02 1.2010892e-02 8.6906841e-03 5.0102710e-03
 1.6493986e-03 1.5120953e-03 1.4405203e-03 9.9123130e-04 8.1151526e-04
 4.7250316e-04]",Food
"['Travel' 'Culture' 'Science' 'World' 'Music' 'Business' 'Food' 'Health'
 'Sport' 'Technology' 'Politics']","[7.6778471e-01 1.8748121e-01 1.2950618e-02 1.1238876e-02 7.7421772e-03
 3.2035192e-03 2.6183303e-03 2.4698554e-03 2.0938332e-03 2.0455755e-03
 3.7126278e-04]",Travel
"['Health' 'Science' 'Business' 'World' 'Culture' 'Technology' 'Food'
 'Sport' 'Music' 'Politics' 'Travel']","[8.4327883e-01 6.7895323e-02 6.7206688e-02 9.3752658e-03 3.7473766e-03
 3.2384743e-03 1.7702923e-03 1.2770804e-03 8.3387282e-04 8.2146446e-04
 5.5528048e-04]",Health
"['Health' 'Science' 'Culture' 'Technology' 'World' 'Music' 'Business'
 'Politics' 'Travel' 'Food' 'Sport']","[0.3812829  0.3778977  0.14900523 0.03254927 0.0178987  0.01703086
 0.01095631 0.00479458 0.00479308 0.00197913 0.00181218]",Science
"['Health' 'World' 'Culture' 'Science' 'Travel' 'Business' 'Technology'
 'Sport' 'Music' 'Politics' 'Food']","[0.5580918  0.12741747 0.11472587 0.04767168 0.04666692 0.03675362
 0.02148628 0.02003806 0.0188718  0.00562591 0.00265056]",World
"['Sport' 'Business' 'World' 'Science' 'Health' 'Culture' 'Music'
 'Technology' 'Travel' 'Politics' 'Food']","[9.3078256e-01 2.5544651e-02 1.1604834e-02 8.5842982e-03 8.4755700e-03
 5.6280666e-03 3.6486695e-03 1.9117815e-03 1.7516126e-03 1.6235758e-03
 4.4444297e-04]",Politics
"['Music' 'Culture' 'Health' 'Sport' 'Technology' 'Business' 'Travel'
 'Science' 'World' 'Food' 'Politics']","[9.8275882e-01 1.4710387e-02 6.8998855e-04 4.1677893e-04 4.0974430e-04
 3.8089379e-04 2.5161859e-04 1.6282260e-04 1.4106921e-04 4.8474187e-05
 2.9339348e-05]",Music
"['Politics' 'Business' 'Culture' 'World' 'Science' 'Health' 'Music'
 'Sport' 'Technology' 'Food' 'Travel']","[9.1728401e-01 5.3794339e-02 1.7934456e-02 3.5989112e-03 2.4556252e-03
 1.4164759e-03 1.0541193e-03 9.8947459e-04 6.5726228e-04 4.5192576e-04
 3.6343536e-04]",Politics
"['Business' 'Politics' 'Health' 'Culture' 'Science' 'Sport' 'World' 'Food'
 'Technology' 'Music' 'Travel']","[6.8001777e-01 2.8998697e-01 1.1326352e-02 8.2790637e-03 3.5235295e-03
 1.7791418e-03 1.6798625e-03 1.5917000e-03 9.0049271e-04 6.7646307e-04
 2.3867849e-04]",Science
"['World' 'Travel' 'Culture' 'Health' 'Business' 'Science' 'Sport'
 'Technology' 'Music' 'Food' 'Politics']","[0.6900053  0.15809965 0.04440954 0.03561016 0.01906191 0.01528377
 0.0126003  0.01079807 0.00612186 0.00521774 0.00279166]",World
"['Health' 'Science' 'World' 'Technology' 'Culture' 'Travel' 'Food'
 'Business' 'Music' 'Politics' 'Sport']","[4.8683810e-01 4.7090796e-01 1.9698890e-02 8.1346892e-03 5.2650790e-03
 4.8810556e-03 1.7993583e-03 1.4568522e-03 4.7614318e-04 2.9897466e-04
 2.4286866e-04]",Health
"['Travel' 'Business' 'Culture' 'Health' 'Politics' 'Science' 'World'
 'Food' 'Music' 'Technology' 'Sport']","[0.4031559  0.27187926 0.094461   0.08395519 0.04422259 0.03128178
 0.02174247 0.01571172 0.01548052 0.01381739 0.00429216]",Business
"['Business' 'World' 'Culture' 'Food' 'Sport' 'Technology' 'Politics'
 'Health' 'Science' 'Music' 'Travel']","[0.6479111  0.19044077 0.09156839 0.03448265 0.01563944 0.00502442
 0.00442693 0.00365666 0.0028045  0.00221802 0.00182709]",Business
"['Science' 'Travel' 'World' 'Culture' 'Health' 'Music' 'Technology' 'Food'
 'Business' 'Politics' 'Sport']","[9.2638296e-01 3.2349061e-02 1.8781021e-02 1.3995437e-02 4.1697272e-03
 1.4649875e-03 1.0370549e-03 5.6829094e-04 4.8309105e-04 3.8517176e-04
 3.8329541e-04]",Science
"['Travel' 'Culture' 'World' 'Food' 'Health' 'Science' 'Music' 'Technology'
 'Sport' 'Politics' 'Business']","[9.6910357e-01 1.2896278e-02 5.9236661e-03 3.0558752e-03 2.4946274e-03
 2.1223451e-03 1.8031108e-03 1.1455046e-03 8.8348566e-04 2.9204894e-04
 2.7950574e-04]",Travel
"['Politics' 'Culture' 'Business' 'Science' 'World' 'Music' 'Health'
 'Sport' 'Travel' 'Technology' 'Food']","[0.84410334 0.11256463 0.01252151 0.00768622 0.00734105 0.00618467
 0.0034909  0.00211866 0.00180896 0.00127508 0.00090501]",Politics
"['Culture' 'Science' 'World' 'Travel' 'Technology' 'Health' 'Food'
 'Politics' 'Business' 'Music' 'Sport']","[7.8630376e-01 1.7730449e-01 1.1482565e-02 7.7458215e-03 5.9503876e-03
 3.2024854e-03 2.2916135e-03 2.0395000e-03 1.6103077e-03 1.3073293e-03
 7.6160778e-04]",Science
"['Technology' 'Business' 'World' 'Health' 'Science' 'Travel' 'Sport'
 'Politics' 'Food' 'Music' 'Culture']","[0.62906826 0.14077346 0.08132876 0.05434885 0.05136115 0.01146431
 0.01024831 0.00760225 0.00555836 0.00418495 0.00406137]",Technology
"['Culture' 'Travel' 'Science' 'Technology' 'Business' 'Health' 'Food'
 'Music' 'Sport' 'World' 'Politics']","[6.1513609e-01 2.0295805e-01 1.4744695e-01 1.3486926e-02 6.5226499e-03
 3.2777386e-03 3.2630938e-03 2.9847953e-03 2.1908046e-03 2.1300793e-03
 6.0284225e-04]",Travel
"['Business' 'Sport' 'Culture' 'Politics' 'Health' 'Music' 'Technology'
 'Science' 'Food' 'World' 'Travel']","[9.3722457e-01 4.4135287e-02 7.1672648e-03 5.0191930e-03 2.8787225e-03
 1.1116674e-03 9.5419277e-04 7.8891404e-04 3.5122951e-04 2.8553719e-04
 8.3391860e-05]",Sport
"['Culture' 'Science' 'Travel' 'World' 'Music' 'Health' 'Business' 'Food'
 'Technology' 'Politics' 'Sport']","[0.580635   0.32897815 0.06750359 0.00685055 0.00369399 0.00275876
 0.00269964 0.00263554 0.00227227 0.00117748 0.00079502]",Science
"['Sport' 'Travel' 'Science' 'Technology' 'Culture' 'Health' 'Food' 'Music'
 'Politics' 'World' 'Business']","[8.8467127e-01 7.5928219e-02 1.9050527e-02 6.3558463e-03 6.2689134e-03
 2.2255285e-03 1.6737051e-03 1.3778312e-03 9.7400509e-04 7.7612663e-04
 6.9801317e-04]",Sport
"['Food' 'Culture' 'Travel' 'Health' 'Music' 'Science' 'World' 'Business'
 'Politics' 'Technology' 'Sport']","[9.9242640e-01 3.3572726e-03 1.7929674e-03 8.6191390e-04 3.4559821e-04
 3.3209843e-04 2.9991553e-04 2.7734871e-04 1.2659149e-04 9.5347539e-05
 8.4701853e-05]",Food
"['Health' 'World' 'Science' 'Business' 'Technology' 'Culture' 'Food'
 'Travel' 'Music' 'Sport' 'Politics']","[8.8425827e-01 7.0386611e-02 3.8659986e-02 1.8236956e-03 1.3718267e-03
 1.3016857e-03 9.5273141e-04 4.0140882e-04 3.9677331e-04 3.7184908e-04
 7.5109310e-05]",Health
"['Food' 'World' 'Culture' 'Travel' 'Business' 'Politics' 'Science'
 'Health' 'Technology' 'Sport' 'Music']","[0.61483616 0.15221079 0.14132036 0.0348705  0.02521967 0.01293607
 0.0059754  0.00475149 0.00338939 0.0026673  0.00182301]",Food
"['World' 'Travel' 'Science' 'Technology' 'Music' 'Health' 'Culture' 'Food'
 'Politics' 'Business' 'Sport']","[0.5355047  0.39767492 0.0240005  0.01626207 0.00653894 0.00525281
 0.00511204 0.00397602 0.00241197 0.00184853 0.00141746]",World
"['Food' 'Culture' 'World' 'Travel' 'Business' 'Health' 'Politics'
 'Science' 'Music' 'Sport' 'Technology']","[9.3847853e-01 3.2733511e-02 6.7357938e-03 6.3374070e-03 5.4187016e-03
 3.2322928e-03 1.9908992e-03 1.9843674e-03 1.7626233e-03 7.0277054e-04
 6.2319433e-04]",Food
"['Food' 'Health' 'Science' 'Culture' 'Music' 'Business' 'Sport' 'World'
 'Technology' 'Travel' 'Politics']","[9.2933059e-01 4.6409696e-02 9.9111954e-03 7.0470255e-03 1.9614729e-03
 1.9582785e-03 9.8528212e-04 8.9162012e-04 7.6270418e-04 6.2743662e-04
 1.1485158e-04]",Health
"['Technology' 'Health' 'Culture' 'Sport' 'World' 'Business' 'Travel'
 'Music' 'Science' 'Food' 'Politics']","[9.9470019e-01 1.2993561e-03 1.2040045e-03 7.0471602e-04 5.0702546e-04
 4.9596390e-04 3.9523424e-04 3.7943080e-04 2.4253149e-04 3.9790411e-05
 3.1645119e-05]",Technology
"['Sport' 'Business' 'Travel' 'Technology' 'Science' 'Health' 'Food'
 'World' 'Culture' 'Music' 'Politics']","[9.5056838e-01 2.3714853e-02 8.2748188e-03 6.1082426e-03 3.5747350e-03
 2.9336417e-03 1.4982267e-03 1.0779288e-03 9.7701082e-04 7.2499132e-04
 5.4722402e-04]",Sport
"['Business' 'Health' 'Culture' 'Sport' 'Science' 'Politics' 'World' 'Food'
 'Technology' 'Music' 'Travel']","[9.5722741e-01 2.8426817e-02 4.8657213e-03 2.8189507e-03 2.5336004e-03
 1.2203247e-03 8.7540608e-04 7.4988138e-04 7.1237743e-04 3.2014534e-04
 2.4925312e-04]",Business
"['Culture' 'Travel' 'Science' 'Music' 'World' 'Business' 'Food' 'Politics'
 'Health' 'Technology' 'Sport']","[9.6616066e-01 2.2090407e-02 5.1583187e-03 2.7765676e-03 1.8981427e-03
 4.3045435e-04 3.8041131e-04 3.1838441e-04 3.1134643e-04 2.8475412e-04
 1.9056053e-04]",Culture
"['Health' 'Science' 'World' 'Business' 'Sport' 'Food' 'Technology'
 'Culture' 'Politics' 'Music' 'Travel']","[9.4207805e-01 4.3456290e-02 5.3475630e-03 2.5097595e-03 1.9091120e-03
 1.6341435e-03 1.2357492e-03 7.6461956e-04 4.9718004e-04 4.1457600e-04
 1.5300712e-04]",Health
"['Health' 'Science' 'Culture' 'Business' 'Technology' 'Travel' 'World'
 'Music' 'Sport' 'Food' 'Politics']","[7.9434973e-01 1.4069778e-01 3.9650925e-02 6.7824433e-03 5.4949918e-03
 4.1258452e-03 3.0293069e-03 2.5198332e-03 1.7890527e-03 1.1862970e-03
 3.7382252e-04]",Health
"['World' 'Politics' 'Technology' 'Travel' 'Science' 'Business' 'Culture'
 'Sport' 'Health' 'Music' 'Food']","[0.88875496 0.03457722 0.02299168 0.01221094 0.01057488 0.01015091
 0.00979709 0.00481507 0.00222046 0.00203285 0.00187393]",World
"['Food' 'Culture' 'World' 'Business' 'Travel' 'Health' 'Science'
 'Technology' 'Politics' 'Music' 'Sport']","[9.7015768e-01 1.6341951e-02 7.2977259e-03 2.1943711e-03 1.1330950e-03
 9.5280679e-04 4.7639091e-04 4.5995129e-04 3.7195635e-04 3.5911702e-04
 2.5498137e-04]",Food
"['Science' 'Culture' 'Health' 'World' 'Technology' 'Travel' 'Business'
 'Music' 'Food' 'Sport' 'Politics']","[9.1848540e-01 5.8848772e-02 1.0374150e-02 3.9228699e-03 2.2801773e-03
 2.1276558e-03 1.8913264e-03 1.0234826e-03 6.5742270e-04 2.1903715e-04
 1.6975055e-04]",Science
"['World' 'Health' 'Culture' 'Technology' 'Travel' 'Science' 'Business'
 'Music' 'Sport' 'Politics' 'Food']","[0.7687248  0.05606341 0.04640172 0.02248184 0.02205592 0.01934856
 0.01801795 0.01780631 0.01178817 0.00981451 0.00749676]",World
"['Culture' 'Music' 'World' 'Travel' 'Science' 'Food' 'Health' 'Technology'
 'Business' 'Sport' 'Politics']","[0.7152194  0.14897391 0.05870415 0.02772334 0.01786826 0.01259784
 0.00864305 0.00505287 0.00269804 0.0014227  0.00109654]",Health
"['Food' 'Health' 'Culture' 'Science' 'Business' 'Music' 'World'
 'Technology' 'Travel' 'Sport' 'Politics']","[9.4760740e-01 2.9229419e-02 7.4645067e-03 5.4117818e-03 3.3533319e-03
 2.0226305e-03 1.4978847e-03 1.2871189e-03 9.2590408e-04 8.6157210e-04
 3.3850290e-04]",Food
"['Music' 'Culture' 'Sport' 'Technology' 'Business' 'Health' 'Travel'
 'Science' 'Food' 'World' 'Politics']","[9.7873086e-01 1.4694059e-02 1.5457697e-03 1.4811967e-03 9.5296709e-04
 9.4862242e-04 9.2912221e-04 3.0117287e-04 1.8876542e-04 1.3891888e-04
 8.8503286e-05]",Music
"['Food' 'Culture' 'World' 'Business' 'Health' 'Science' 'Politics'
 'Travel' 'Technology' 'Sport' 'Music']","[0.91171694 0.04116169 0.0190574  0.01146064 0.00497398 0.00311722
 0.00264082 0.00211244 0.00150039 0.00124897 0.00100953]",Food
"['World' 'Politics' 'Business' 'Sport' 'Science' 'Travel' 'Health'
 'Culture' 'Music' 'Technology' 'Food']","[9.7865593e-01 7.3976805e-03 2.7824049e-03 2.4126507e-03 2.2604337e-03
 1.5909462e-03 1.5507749e-03 1.2286085e-03 8.0066116e-04 7.5066497e-04
 5.6936144e-04]",World
"['Sport' 'Health' 'Business' 'Science' 'World' 'Technology' 'Travel'
 'Culture' 'Music' 'Politics' 'Food']","[0.81118965 0.07761586 0.06039537 0.01724442 0.00774299 0.00728909
 0.00623483 0.00476342 0.00366136 0.00274943 0.00111356]",Sport
"['Politics' 'Business' 'Culture' 'World' 'Science' 'Travel' 'Music'
 'Sport' 'Health' 'Technology' 'Food']","[9.6788657e-01 9.2201885e-03 9.2122871e-03 4.2255106e-03 2.4804408e-03
 1.9165970e-03 1.6660024e-03 1.3922248e-03 1.2619046e-03 5.1545072e-04
 2.2284403e-04]",Politics
"['Culture' 'Travel' 'Music' 'World' 'Science' 'Health' 'Politics'
 'Business' 'Food' 'Technology' 'Sport']","[9.8007995e-01 3.7387386e-03 3.5100551e-03 3.1310956e-03 2.6838456e-03
 2.3312217e-03 1.5164320e-03 1.3167440e-03 7.7137857e-04 5.1731046e-04
 4.0333427e-04]",Culture
"['Travel' 'Culture' 'World' 'Science' 'Sport' 'Food' 'Music' 'Technology'
 'Health' 'Business' 'Politics']","[9.9201113e-01 4.0017641e-03 1.0714163e-03 6.9434207e-04 6.5083458e-04
 6.3179457e-04 5.3332688e-04 1.7224393e-04 1.2903613e-04 6.2184998e-05
 4.1890780e-05]",Travel
"['Business' 'Sport' 'Health' 'Science' 'Culture' 'Travel' 'World' 'Food'
 'Politics' 'Technology' 'Music']","[7.0914561e-01 2.3960286e-01 1.8266270e-02 1.3122991e-02 8.6018899e-03
 5.8965757e-03 2.2383395e-03 1.3785480e-03 8.6763495e-04 4.4117318e-04
 4.3802895e-04]",Business
"['Food' 'World' 'Culture' 'Health' 'Business' 'Travel' 'Science'
 'Politics' 'Sport' 'Technology' 'Music']","[8.1244189e-01 9.8716162e-02 6.1754275e-02 8.2913246e-03 7.8448374e-03
 4.8480765e-03 2.4677794e-03 1.1014462e-03 1.0551949e-03 7.5168727e-04
 7.2738627e-04]",Food
"['Music' 'Culture' 'Technology' 'Business' 'Politics' 'Health' 'Sport'
 'Travel' 'World' 'Science' 'Food']","[8.8015890e-01 1.0852876e-01 3.1606827e-03 2.3097834e-03 1.8196652e-03
 1.4854026e-03 9.7957463e-04 6.2240503e-04 4.2183208e-04 3.3211018e-04
 1.8082089e-04]",Culture
"['Food' 'Culture' 'Travel' 'Science' 'Sport' 'Music' 'Health' 'Business'
 'Technology' 'World' 'Politics']","[0.94636065 0.01707853 0.01593716 0.0054041  0.00480354 0.00368231
 0.00219872 0.00131195 0.00119458 0.00106689 0.00096161]",Food
"['Food' 'Culture' 'World' 'Business' 'Travel' 'Health' 'Science'
 'Technology' 'Politics' 'Music' 'Sport']","[9.7015768e-01 1.6341951e-02 7.2977259e-03 2.1943711e-03 1.1330950e-03
 9.5280679e-04 4.7639091e-04 4.5995129e-04 3.7195635e-04 3.5911702e-04
 2.5498137e-04]",World
"['Food' 'Culture' 'Travel' 'Health' 'Business' 'Music' 'Science'
 'Technology' 'World' 'Sport' 'Politics']","[8.4560603e-01 1.0779037e-01 1.4067819e-02 7.9037966e-03 6.3043316e-03
 4.4977730e-03 3.8110483e-03 3.3556821e-03 3.2284472e-03 2.7159818e-03
 7.1866461e-04]",Technology
"['World' 'Culture' 'Technology' 'Travel' 'Science' 'Health' 'Politics'
 'Music' 'Business' 'Sport' 'Food']","[9.0149891e-01 2.1718251e-02 1.8857855e-02 1.5971702e-02 1.0578202e-02
 8.4346188e-03 6.5010502e-03 6.0735280e-03 5.8300085e-03 3.9000204e-03
 6.3587137e-04]",World
"['Politics' 'Culture' 'Business' 'World' 'Sport' 'Science' 'Music'
 'Travel' 'Health' 'Technology' 'Food']","[8.9120722e-01 3.1176630e-02 2.3451559e-02 1.9086540e-02 1.3568599e-02
 5.3022890e-03 5.2485382e-03 5.1004943e-03 4.3480136e-03 1.2865409e-03
 2.2361589e-04]",Politics
"['Travel' 'Music' 'Culture' 'Sport' 'Science' 'Food' 'World' 'Business'
 'Politics' 'Health' 'Technology']","[9.8888469e-01 4.1299243e-03 1.5357134e-03 1.4981721e-03 8.8159635e-04
 8.7095285e-04 6.8477198e-04 4.0446635e-04 4.0102954e-04 3.9146369e-04
 3.1713248e-04]",Business
"['Technology' 'Culture' 'Business' 'Health' 'Sport' 'Science' 'Music'
 'World' 'Travel' 'Politics' 'Food']","[9.9175668e-01 4.5221723e-03 8.8156271e-04 7.7598193e-04 5.4847304e-04
 4.5035136e-04 3.9721801e-04 3.2055509e-04 2.6419768e-04 4.1995052e-05
 4.0736366e-05]",Business
"['Music' 'Culture' 'Business' 'Science' 'Travel' 'Food' 'Technology'
 'Health' 'World' 'Sport' 'Politics']","[6.6818786e-01 3.1804791e-01 2.6985412e-03 2.5599785e-03 2.2897385e-03
 1.2484838e-03 1.1927604e-03 1.1527366e-03 1.1266366e-03 9.2795584e-04
 5.6738680e-04]",Music
"['Politics' 'Culture' 'Health' 'Business' 'Science' 'Travel' 'Sport'
 'World' 'Music' 'Food' 'Technology']","[0.4684161  0.28413144 0.06748708 0.05572925 0.03426775 0.02833986
 0.01977002 0.01677894 0.0116505  0.00805114 0.00537788]",Politics
"['World' 'Travel' 'Culture' 'Business' 'Technology' 'Sport' 'Science'
 'Food' 'Health' 'Music' 'Politics']","[0.43087026 0.38479412 0.03875494 0.03571229 0.0334891  0.03248106
 0.01283091 0.01073218 0.01030058 0.00942757 0.00060697]",World
"['Travel' 'World' 'Culture' 'Science' 'Business' 'Music' 'Sport'
 'Technology' 'Health' 'Food' 'Politics']","[9.0245336e-01 7.4482232e-02 6.3868291e-03 6.2008323e-03 2.4538862e-03
 2.3418171e-03 1.9880459e-03 1.3513556e-03 9.7478792e-04 8.5892185e-04
 5.0785975e-04]",Travel
"['Food' 'Culture' 'Travel' 'Health' 'Politics' 'Music' 'Science' 'World'
 'Technology' 'Sport' 'Business']","[9.5699102e-01 2.7209362e-02 5.3954865e-03 2.8288371e-03 2.1617499e-03
 1.4712423e-03 1.2553073e-03 1.1801538e-03 6.5630814e-04 4.7077570e-04
 3.7978301e-04]",Food
"['Health' 'Science' 'Technology' 'Culture' 'Business' 'Music' 'Travel'
 'World' 'Sport' 'Food' 'Politics']","[0.6341347  0.28690147 0.02656306 0.02599262 0.01480059 0.00342763
 0.00306199 0.00180555 0.00172956 0.00084595 0.00073689]",Politics
"['Culture' 'Music' 'World' 'Health' 'Business' 'Politics' 'Sport' 'Travel'
 'Science' 'Technology' 'Food']","[0.635916   0.19482498 0.05315959 0.04135795 0.02452046 0.01344714
 0.01244709 0.0108187  0.00749449 0.00509395 0.00091961]",Culture
"['Culture' 'Business' 'Technology' 'Travel' 'Politics' 'Music' 'Science'
 'Food' 'World' 'Health' 'Sport']","[0.3442053  0.2695108  0.10132626 0.09525517 0.04913418 0.04086978
 0.03159792 0.02513976 0.0208467  0.01263793 0.00947623]",Business
"['Travel' 'Culture' 'Music' 'World' 'Sport' 'Science' 'Technology'
 'Business' 'Food' 'Health' 'Politics']","[9.7529107e-01 8.2250368e-03 6.5153190e-03 2.0737764e-03 1.9675789e-03
 1.5481624e-03 1.4086657e-03 1.1618269e-03 9.6735562e-04 6.3017278e-04
 2.1104992e-04]",Travel
"['Technology' 'Culture' 'Music' 'Business' 'World' 'Health' 'Sport'
 'Travel' 'Science' 'Food' 'Politics']","[9.8129278e-01 1.0152041e-02 2.0475725e-03 1.9161991e-03 1.6892119e-03
 9.5733826e-04 7.2598807e-04 6.0681254e-04 4.7222816e-04 8.4410909e-05
 5.5299453e-05]",Technology
"['Food' 'Culture' 'Science' 'Health' 'Business' 'World' 'Travel' 'Music'
 'Sport' 'Technology' 'Politics']","[9.0808648e-01 5.9672657e-02 1.0112796e-02 6.9838339e-03 5.8508283e-03
 5.4126051e-03 1.7283680e-03 7.0032227e-04 5.8196561e-04 5.5582385e-04
 3.1423880e-04]",Food
"['Music' 'Culture' 'Science' 'Business' 'Health' 'Travel' 'World' 'Sport'
 'Technology' 'Food' 'Politics']","[7.5231487e-01 2.2031650e-01 9.0535823e-03 3.6819864e-03 3.6289594e-03
 3.1254110e-03 2.7726151e-03 2.4056744e-03 2.0300271e-03 3.5045462e-04
 3.2001946e-04]",Music
"['Science' 'Culture' 'Health' 'Travel' 'World' 'Business' 'Technology'
 'Food' 'Music' 'Sport' 'Politics']","[8.3507532e-01 9.6846476e-02 3.2149650e-02 1.5749501e-02 8.6631561e-03
 4.0879534e-03 2.3250754e-03 2.0664765e-03 1.4075993e-03 8.8362588e-04
 7.4514636e-04]",Science
"['Politics' 'Culture' 'Music' 'Business' 'Science' 'Health' 'World'
 'Travel' 'Sport' 'Technology' 'Food']","[0.5566064  0.26653886 0.07873308 0.04683526 0.01352184 0.01220529
 0.00917306 0.00820917 0.00537728 0.00183159 0.00096813]",Politics
"['Technology' 'Business' 'Culture' 'Sport' 'Health' 'World' 'Travel'
 'Music' 'Politics' 'Science' 'Food']","[9.7725862e-01 5.5187317e-03 3.6662279e-03 3.0080921e-03 2.4842701e-03
 2.1168233e-03 1.8489189e-03 1.7658466e-03 1.2220020e-03 9.9703274e-04
 1.1340181e-04]",Technology
"['Science' 'Health' 'Culture' 'World' 'Travel' 'Business' 'Technology'
 'Music' 'Food' 'Politics' 'Sport']","[0.39595515 0.35426432 0.1634195  0.04825306 0.01708493 0.0072519
 0.00458315 0.00334798 0.00249512 0.00182983 0.00151511]",Culture
"['Politics' 'Business' 'Culture' 'Sport' 'Science' 'Music' 'Health'
 'Technology' 'Travel' 'World' 'Food']","[9.8406291e-01 6.6364850e-03 2.5004831e-03 1.6837418e-03 1.5726621e-03
 1.2430820e-03 9.5856877e-04 4.0235429e-04 3.7808143e-04 3.2045471e-04
 2.4124526e-04]",Politics
"['Health' 'Science' 'Business' 'World' 'Food' 'Technology' 'Culture'
 'Sport' 'Politics' 'Music' 'Travel']","[9.2213029e-01 3.2957893e-02 1.9757455e-02 1.5977344e-02 3.7148667e-03
 2.5072983e-03 1.0233747e-03 6.4957724e-04 5.6371401e-04 4.3504336e-04
 2.8320405e-04]",Science
"['Business' 'Health' 'Culture' 'World' 'Politics' 'Science' 'Sport'
 'Technology' 'Food' 'Music' 'Travel']","[9.7441036e-01 1.5351190e-02 3.6815580e-03 1.7354572e-03 1.5842597e-03
 1.3105135e-03 9.6114824e-04 3.8330295e-04 3.4422992e-04 1.7138134e-04
 6.6616318e-05]",Technology
"['Music' 'Culture' 'Technology' 'Health' 'Travel' 'Business' 'World'
 'Science' 'Sport' 'Food' 'Politics']","[9.7881305e-01 1.6351530e-02 1.1420331e-03 8.2588807e-04 6.6917099e-04
 6.3121115e-04 5.2465906e-04 5.1389018e-04 3.9525412e-04 8.6250700e-05
 4.7085312e-05]",Music
"['Science' 'Culture' 'Travel' 'World' 'Health' 'Music' 'Business' 'Food'
 'Politics' 'Technology' 'Sport']","[9.4007629e-01 4.6202272e-02 7.6855714e-03 1.7511523e-03 1.7129425e-03
 9.7314495e-04 5.9038470e-04 4.2431004e-04 2.4379302e-04 2.0693976e-04
 1.3327540e-04]",Science
"['Sport' 'Business' 'Culture' 'Science' 'Travel' 'Music' 'Politics'
 'Technology' 'World' 'Health' 'Food']","[0.38040912 0.30789343 0.19888541 0.03312656 0.01969482 0.01928175
 0.01332107 0.01036471 0.00912671 0.00458376 0.00331265]",Business
"['Culture' 'Music' 'World' 'Science' 'Health' 'Business' 'Technology'
 'Travel' 'Food' 'Sport' 'Politics']","[0.7664878  0.08485238 0.05735313 0.03054455 0.01557745 0.01551254
 0.00871006 0.00688888 0.00681718 0.00494924 0.00230681]",Business
"['World' 'Politics' 'Business' 'Health' 'Culture' 'Music' 'Sport' 'Travel'
 'Technology' 'Science' 'Food']","[0.91163015 0.02869618 0.01377611 0.00994334 0.00989898 0.00782004
 0.00632605 0.00381747 0.00305486 0.00304688 0.00198994]",World
"['Politics' 'Culture' 'Business' 'Science' 'World' 'Health' 'Travel'
 'Technology' 'Sport' 'Music' 'Food']","[9.2715609e-01 2.3737526e-02 1.9605575e-02 1.8185753e-02 2.7739897e-03
 2.5976673e-03 1.5492057e-03 1.4060666e-03 1.1727199e-03 1.1623121e-03
 6.5318268e-04]",Business
"['Culture' 'World' 'Travel' 'Science' 'Business' 'Politics' 'Music' 'Food'
 'Health' 'Sport' 'Technology']","[0.5972279  0.2586899  0.05226016 0.02870979 0.01255103 0.01253978
 0.00946313 0.00864406 0.00719728 0.00689108 0.00582588]",Culture
"['Culture' 'Music' 'Travel' 'World' 'Food' 'Technology' 'Business'
 'Science' 'Health' 'Sport' 'Politics']","[8.3065659e-01 1.0979682e-01 4.1622162e-02 5.3732018e-03 3.0333905e-03
 2.6251918e-03 2.3403815e-03 1.8136761e-03 1.0836825e-03 1.0526516e-03
 6.0227810e-04]",Culture
"['World' 'Culture' 'Science' 'Travel' 'Food' 'Music' 'Health' 'Technology'
 'Business' 'Sport' 'Politics']","[0.38625956 0.27421138 0.17093201 0.13859047 0.00975201 0.00502905
 0.00475912 0.0036309  0.00357154 0.00241584 0.00084813]",Politics
"['World' 'Culture' 'Science' 'Travel' 'Sport' 'Health' 'Business'
 'Politics' 'Music' 'Technology' 'Food']","[9.7690159e-01 1.5031953e-02 2.3649011e-03 2.2683984e-03 7.3244941e-04
 6.7895371e-04 6.0946308e-04 4.3729047e-04 4.0238452e-04 3.2720336e-04
 2.4549651e-04]",World
"['Music' 'Culture' 'Health' 'Travel' 'Science' 'Technology' 'Sport'
 'Business' 'World' 'Food' 'Politics']","[9.5562214e-01 3.9593156e-02 1.8036313e-03 5.9991027e-04 5.3997716e-04
 4.9535692e-04 4.3090250e-04 3.6021383e-04 3.2094307e-04 1.6579028e-04
 6.7995883e-05]",Music
"['Food' 'Travel' 'Culture' 'Sport' 'Music' 'World' 'Technology' 'Science'
 'Business' 'Politics' 'Health']","[0.9297618  0.0258169  0.01774196 0.00780938 0.00626766 0.00285733
 0.00264355 0.00208028 0.00203343 0.00165569 0.00133192]",Food
"['Science' 'Culture' 'Health' 'Travel' 'World' 'Food' 'Business'
 'Technology' 'Music' 'Sport' 'Politics']","[8.4548610e-01 7.7366278e-02 2.7201653e-02 2.4757573e-02 1.4683885e-02
 3.4472446e-03 2.8828462e-03 2.2489054e-03 1.2290012e-03 4.1359774e-04
 2.8290637e-04]",Science
"['Science' 'Health' 'Technology' 'Culture' 'Travel' 'World' 'Music' 'Food'
 'Sport' 'Politics' 'Business']","[0.67638427 0.16371946 0.0625438  0.03394225 0.0272245  0.01847594
 0.01095696 0.0041924  0.00096431 0.00084502 0.00075116]",Science
"['Business' 'Politics' 'Culture' 'Health' 'Food' 'Sport' 'World'
 'Technology' 'Science' 'Music' 'Travel']","[9.4329125e-01 3.6603272e-02 5.0365003e-03 4.4165850e-03 3.8221751e-03
 2.2018931e-03 1.4702221e-03 1.2140558e-03 1.0998232e-03 5.2208593e-04
 3.2220615e-04]",Business
"['Science' 'Health' 'Culture' 'World' 'Technology' 'Travel' 'Music'
 'Business' 'Food' 'Sport' 'Politics']","[5.6244951e-01 1.6497940e-01 1.3607647e-01 4.2143159e-02 4.0768310e-02
 3.3359982e-02 9.0719312e-03 6.1768806e-03 3.1835467e-03 1.2513378e-03
 5.3946069e-04]",Science
"['Music' 'Culture' 'Sport' 'Technology' 'Health' 'Travel' 'Business'
 'World' 'Politics' 'Science' 'Food']","[8.7193739e-01 8.0582500e-02 1.0471075e-02 1.0357100e-02 9.1299070e-03
 5.8364011e-03 4.7959825e-03 3.8616597e-03 1.2070518e-03 1.1566587e-03
 6.6423387e-04]",Music
"['Science' 'Culture' 'World' 'Health' 'Travel' 'Food' 'Technology'
 'Business' 'Music' 'Sport' 'Politics']","[9.5742804e-01 2.3080634e-02 8.6455625e-03 5.1649734e-03 2.0487460e-03
 1.3465405e-03 8.8375679e-04 5.5120530e-04 4.0188595e-04 3.2649096e-04
 1.2217763e-04]",Science
"['Travel' 'Science' 'Culture' 'World' 'Music' 'Health' 'Sport'
 'Technology' 'Food' 'Business' 'Politics']","[9.9095041e-01 4.6187392e-03 1.5932142e-03 1.0694488e-03 6.3704746e-04
 3.3248626e-04 2.5540145e-04 1.8828762e-04 1.6177274e-04 1.4493459e-04
 4.8232047e-05]",Travel
"['Culture' 'World' 'Travel' 'Science' 'Technology' 'Business' 'Health'
 'Sport' 'Music' 'Politics' 'Food']","[0.7188725  0.11569999 0.11418724 0.01478063 0.01184482 0.00858224
 0.00541514 0.0038577  0.00383604 0.00161092 0.00131284]",Culture
"['Technology' 'Sport' 'Culture' 'Business' 'Travel' 'Music' 'Science'
 'World' 'Health' 'Food' 'Politics']","[9.3845761e-01 2.3865288e-02 1.3002586e-02 9.3467850e-03 5.0874832e-03
 5.0090607e-03 2.3216084e-03 1.5491854e-03 8.6724421e-04 4.3768287e-04
 5.5445031e-05]",Technology
"['Technology' 'Culture' 'Travel' 'Science' 'Health' 'Music' 'World'
 'Sport' 'Business' 'Food' 'Politics']","[9.5068210e-01 2.1000050e-02 1.1711731e-02 4.0117633e-03 3.9366758e-03
 3.5172855e-03 2.9603152e-03 1.0788570e-03 7.2716112e-04 2.9575429e-04
 7.8293131e-05]",Technology
"['Travel' 'Sport' 'Science' 'Culture' 'Technology' 'Health' 'World'
 'Business' 'Music' 'Politics' 'Food']","[0.9407699  0.02300616 0.01533115 0.00725245 0.00292532 0.00213242
 0.00210409 0.00193241 0.00188233 0.00138074 0.00128313]",Science
"['Sport' 'Business' 'Culture' 'Health' 'Science' 'Technology' 'World'
 'Music' 'Politics' 'Travel' 'Food']","[9.0921170e-01 2.2773791e-02 2.1047244e-02 1.9875936e-02 8.0681769e-03
 7.1120481e-03 5.1935664e-03 2.7488680e-03 2.2151852e-03 1.0426235e-03
 7.1088958e-04]",Sport
"['Travel' 'World' 'Music' 'Culture' 'Science' 'Sport' 'Technology'
 'Health' 'Food' 'Business' 'Politics']","[9.5426983e-01 1.6686607e-02 9.8741064e-03 4.6126707e-03 4.4445731e-03
 3.3050308e-03 3.0861616e-03 1.3946737e-03 1.1989559e-03 6.0952781e-04
 5.1790226e-04]",Travel
"['Technology' 'World' 'Science' 'Culture' 'Business' 'Health' 'Travel'
 'Sport' 'Music' 'Politics' 'Food']","[9.4814515e-01 1.9844243e-02 1.0631409e-02 6.8313461e-03 5.7044248e-03
 3.8336883e-03 1.9672345e-03 1.4994339e-03 9.4732572e-04 4.2636998e-04
 1.6942440e-04]",Technology
"['Politics' 'Culture' 'Music' 'Health' 'Business' 'Science' 'Technology'
 'Travel' 'Sport' 'World' 'Food']","[8.6961752e-01 8.0303304e-02 3.0786527e-02 4.7846162e-03 3.9260797e-03
 2.5843272e-03 2.1319673e-03 1.9196017e-03 1.8346757e-03 1.4340967e-03
 6.7731069e-04]",Politics
"['Travel' 'Music' 'Culture' 'World' 'Science' 'Sport' 'Technology'
 'Health' 'Food' 'Business' 'Politics']","[9.9354750e-01 1.6127666e-03 1.4035511e-03 1.0930069e-03 9.5816253e-04
 6.3233991e-04 3.8034638e-04 1.6543362e-04 1.1378743e-04 5.4401164e-05
 3.8760842e-05]",Travel
"['Business' 'World' 'Culture' 'Politics' 'Sport' 'Food' 'Science' 'Health'
 'Technology' 'Travel' 'Music']","[9.4175434e-01 2.7426394e-02 1.3682864e-02 4.6069501e-03 4.5233681e-03
 3.5208291e-03 1.2257462e-03 1.2140566e-03 1.2002912e-03 5.0879543e-04
 3.3631423e-04]",World
"['Sport' 'Health' 'Technology' 'Culture' 'Travel' 'Politics' 'Music'
 'Business' 'World' 'Science' 'Food']","[0.66486216 0.08251445 0.06854351 0.04961888 0.03611433 0.02533019
 0.02419031 0.01871815 0.01456586 0.01336996 0.00217224]",Sport
"['Science' 'Health' 'World' 'Culture' 'Food' 'Travel' 'Technology'
 'Business' 'Sport' 'Music' 'Politics']","[4.7509727e-01 2.9256761e-01 2.0159890e-01 1.2198283e-02 4.9248943e-03
 4.0801661e-03 3.6895110e-03 2.8442387e-03 2.0875533e-03 5.5616902e-04
 3.5546324e-04]",Health
"['Science' 'Technology' 'World' 'Health' 'Culture' 'Sport' 'Business'
 'Travel' 'Food' 'Music' 'Politics']","[7.6689756e-01 1.3262393e-01 6.6272080e-02 1.7633053e-02 8.2623446e-03
 2.9242006e-03 2.0133187e-03 1.2330780e-03 1.1751908e-03 8.8366185e-04
 8.1615806e-05]",Technology
"['Business' 'Culture' 'Technology' 'Health' 'World' 'Music' 'Travel'
 'Science' 'Sport' 'Politics' 'Food']","[0.46285784 0.20264496 0.10640912 0.05705868 0.04833675 0.02631909
 0.02551825 0.02257507 0.02188699 0.02155603 0.00483724]",Business
"['Sport' 'Travel' 'Business' 'Science' 'Health' 'Technology' 'Music'
 'Culture' 'Politics' 'World' 'Food']","[9.3628645e-01 2.5522223e-02 1.3973143e-02 9.7812582e-03 3.1717503e-03
 2.9889075e-03 2.8733257e-03 2.3385326e-03 1.4657455e-03 1.4115644e-03
 1.8717826e-04]",Sport
"['Technology' 'Health' 'Business' 'Sport' 'Science' 'Culture' 'Travel'
 'Music' 'Food' 'World' 'Politics']","[0.34256542 0.23410842 0.19858046 0.10620323 0.08603042 0.01592867
 0.00468952 0.00406686 0.00296345 0.00243337 0.00243019]",Technology
"['Culture' 'Music' 'Travel' 'Politics' 'Health' 'World' 'Science'
 'Technology' 'Business' 'Food' 'Sport']","[9.4838625e-01 3.4501344e-02 5.4850257e-03 4.1832109e-03 3.1911186e-03
 2.2098301e-03 5.8388576e-04 5.0086819e-04 4.1578873e-04 4.0214931e-04
 1.4049320e-04]",Culture
"['Culture' 'Travel' 'World' 'Science' 'Music' 'Health' 'Business' 'Food'
 'Technology' 'Sport' 'Politics']","[5.5291331e-01 3.8679460e-01 2.7587866e-02 2.5296658e-02 2.5041089e-03
 1.4822098e-03 1.1514353e-03 7.6072977e-04 6.6523475e-04 5.3730945e-04
 3.0663167e-04]",Travel
"['World' 'Politics' 'Business' 'Sport' 'Science' 'Health' 'Culture'
 'Technology' 'Music' 'Travel' 'Food']","[9.9286556e-01 2.2167531e-03 1.2915564e-03 9.9137053e-04 8.2252751e-04
 5.5938901e-04 3.5807400e-04 2.6435690e-04 2.3572177e-04 2.2917445e-04
 1.6555675e-04]",World
"['Travel' 'Music' 'Sport' 'Health' 'Food' 'Culture' 'Technology'
 'Politics' 'Science' 'Business' 'World']","[0.9276865  0.01942032 0.01333795 0.00893315 0.00706673 0.00704763
 0.00597015 0.0053663  0.0026408  0.00138154 0.00114903]",Travel
"['Music' 'Culture' 'Health' 'Business' 'Science' 'Technology' 'Travel'
 'Sport' 'World' 'Politics' 'Food']","[7.0019317e-01 1.8631870e-01 8.6667374e-02 8.0418764e-03 5.0948751e-03
 4.5573190e-03 3.1926394e-03 2.7430158e-03 1.6972573e-03 1.1005551e-03
 3.9325116e-04]",Politics
"['Technology' 'Culture' 'Sport' 'Health' 'Science' 'Music' 'Business'
 'Travel' 'World' 'Food' 'Politics']","[9.9443036e-01 2.5211421e-03 8.9024781e-04 5.8706454e-04 5.0944695e-04
 3.7817477e-04 2.4237530e-04 1.9183323e-04 1.5844086e-04 5.7798195e-05
 3.2991204e-05]",Technology
"['Sport' 'Business' 'Health' 'Culture' 'Science' 'Technology' 'Travel'
 'Politics' 'Music' 'Food' 'World']","[7.6412678e-01 1.9344790e-01 2.0076992e-02 5.1736566e-03 4.5543597e-03
 4.3113297e-03 4.2493772e-03 1.6037110e-03 1.0333246e-03 7.5812091e-04
 6.6445395e-04]",Sport
"['World' 'Science' 'Travel' 'Culture' 'Business' 'Health' 'Politics'
 'Technology' 'Music' 'Sport' 'Food']","[0.9533745  0.01032941 0.01007806 0.00758413 0.00587977 0.00368043
 0.00338405 0.00157392 0.00141604 0.0013849  0.00131477]",World
"['Travel' 'Music' 'Culture' 'Technology' 'Sport' 'World' 'Science' 'Food'
 'Health' 'Business' 'Politics']","[9.7950774e-01 6.3349004e-03 3.5287538e-03 3.1966737e-03 2.7822119e-03
 1.0617706e-03 1.0357455e-03 1.0208548e-03 6.5066898e-04 6.2766258e-04
 2.5290219e-04]",Travel
"['Food' 'Health' 'Science' 'Culture' 'Business' 'Music' 'Sport' 'Travel'
 'Technology' 'Politics' 'World']","[7.5309247e-01 1.8653448e-01 2.1159101e-02 1.9933067e-02 8.9796176e-03
 4.2297910e-03 1.5307852e-03 1.4761182e-03 1.4679794e-03 9.7972120e-04
 6.1687734e-04]",Food
"['Travel' 'Science' 'Culture' 'Technology' 'World' 'Sport' 'Music'
 'Health' 'Food' 'Business' 'Politics']","[9.8486197e-01 3.6693520e-03 3.3390243e-03 1.6633864e-03 1.5716929e-03
 1.3484620e-03 1.2239324e-03 9.9663693e-04 8.1069022e-04 3.3862522e-04
 1.7630855e-04]",Travel
"['Science' 'Culture' 'Travel' 'Technology' 'Health' 'World' 'Music'
 'Politics' 'Business' 'Sport' 'Food']","[9.3371278e-01 2.6265744e-02 1.5425101e-02 6.5077655e-03 6.1079697e-03
 5.6136493e-03 2.3487888e-03 1.7448600e-03 1.1065702e-03 9.0938597e-04
 2.5743264e-04]",Science
"['Health' 'Science' 'Business' 'Culture' 'Sport' 'Food' 'World'
 'Technology' 'Music' 'Travel' 'Politics']","[9.4906104e-01 3.0265203e-02 1.5613182e-02 1.0347646e-03 1.0085913e-03
 9.4131019e-04 6.0472899e-04 5.8555603e-04 4.1898162e-04 3.0882764e-04
 1.5782671e-04]",Sport
"['Music' 'Culture' 'Technology' 'Health' 'Sport' 'Business' 'Travel'
 'Science' 'World' 'Food' 'Politics']","[9.9116814e-01 5.4209381e-03 1.0031237e-03 9.6223963e-04 3.9372887e-04
 3.2431248e-04 3.1154137e-04 2.3464537e-04 7.2995819e-05 6.3812215e-05
 4.4366814e-05]",Music
"['Politics' 'Culture' 'Business' 'Sport' 'Music' 'World' 'Food' 'Science'
 'Travel' 'Health' 'Technology']","[0.64113724 0.15167828 0.14645378 0.01064015 0.0102517  0.00911746
 0.00885353 0.00875596 0.0044745  0.00438083 0.00425661]",Business
"['Science' 'Culture' 'Travel' 'World' 'Health' 'Music' 'Business' 'Food'
 'Politics' 'Technology' 'Sport']","[9.6506906e-01 1.9180663e-02 7.8352699e-03 4.3303352e-03 1.0038571e-03
 6.6459196e-04 6.1021349e-04 4.9411168e-04 3.5414594e-04 3.4661451e-04
 1.1112898e-04]",Science
"['Technology' 'Science' 'Health' 'World' 'Culture' 'Business' 'Travel'
 'Music' 'Sport' 'Politics' 'Food']","[6.03264034e-01 2.78599232e-01 1.00528516e-01 6.29268354e-03
 3.85139743e-03 2.04590941e-03 1.40866369e-03 1.35468901e-03
 1.24864269e-03 1.17275573e-03 2.33564526e-04]",Science
"['Travel' 'Culture' 'Music' 'Technology' 'Food' 'World' 'Health' 'Sport'
 'Politics' 'Science' 'Business']","[0.5640853  0.34986588 0.02411037 0.01346937 0.01212354 0.0096005
 0.00733911 0.00618201 0.00515524 0.00460556 0.00346318]",Travel
"['World' 'Business' 'Science' 'Politics' 'Culture' 'Music' 'Health'
 'Sport' 'Travel' 'Technology' 'Food']","[0.89026713 0.0215882  0.0174106  0.01735444 0.01525544 0.01251517
 0.00727279 0.00697122 0.00604627 0.00425542 0.00106321]",World
"['Music' 'Culture' 'Health' 'Sport' 'Technology' 'Business' 'Travel'
 'World' 'Science' 'Food' 'Politics']","[9.8504817e-01 1.1145453e-02 8.6352247e-04 8.0189155e-04 6.3901674e-04
 4.9011217e-04 3.9995587e-04 2.5803695e-04 2.3051359e-04 6.4359483e-05
 5.8880119e-05]",Music
"['Music' 'Culture' 'Travel' 'Science' 'Health' 'Business' 'Sport'
 'Technology' 'World' 'Food' 'Politics']","[8.5122967e-01 1.2235003e-01 1.4827115e-02 2.7750579e-03 2.2295304e-03
 1.8328349e-03 1.3921980e-03 1.0296251e-03 8.4568898e-04 7.8198861e-04
 7.0621859e-04]",Music
"['Music' 'Culture' 'Travel' 'Health' 'World' 'Food' 'Science' 'Sport'
 'Technology' 'Business' 'Politics']","[9.0167433e-01 5.5537708e-02 3.0330181e-02 3.7470486e-03 2.0943892e-03
 1.8012328e-03 1.5300448e-03 1.3281570e-03 9.6472172e-04 8.7313080e-04
 1.1903927e-04]",Travel
"['Health' 'Science' 'World' 'Business' 'Food' 'Technology' 'Culture'
 'Travel' 'Sport' 'Music' 'Politics']","[8.96479428e-01 9.74155441e-02 1.38761802e-03 1.06911291e-03
 1.02447462e-03 1.00849499e-03 7.56611873e-04 3.98040836e-04
 2.06950557e-04 1.46729217e-04 1.07070766e-04]",Health
"['Health' 'Science' 'World' 'Business' 'Food' 'Sport' 'Politics' 'Culture'
 'Technology' 'Travel' 'Music']","[9.2444581e-01 5.6580111e-02 7.0300493e-03 4.7247126e-03 1.6641427e-03
 1.2061087e-03 1.1876402e-03 1.0958958e-03 1.0548700e-03 5.1123457e-04
 4.9954950e-04]",Science
"['Food' 'Health' 'Science' 'Culture' 'Business' 'World' 'Travel' 'Music'
 'Technology' 'Sport' 'Politics']","[4.9003550e-01 2.8993195e-01 1.7814155e-01 1.4476921e-02 7.9516945e-03
 7.6413653e-03 3.6843957e-03 3.3230742e-03 2.6376958e-03 1.9880999e-03
 1.8776444e-04]",Food
"['Music' 'Culture' 'Health' 'Travel' 'Technology' 'Science' 'Business'
 'World' 'Food' 'Sport' 'Politics']","[8.8962597e-01 9.8427571e-02 4.4460325e-03 1.7498705e-03 1.2547477e-03
 1.1709642e-03 9.9033583e-04 8.8912423e-04 8.7716640e-04 3.9235369e-04
 1.7583392e-04]",Culture
"['World' 'Health' 'Science' 'Culture' 'Food' 'Travel' 'Business'
 'Technology' 'Sport' 'Music' 'Politics']","[0.39322573 0.37240854 0.2152692  0.00493517 0.00415889 0.00285078
 0.00266969 0.00179769 0.00138662 0.00086406 0.00043363]",Health
"['Travel' 'World' 'Culture' 'Sport' 'Technology' 'Science' 'Music' 'Food'
 'Health' 'Business' 'Politics']","[9.9566311e-01 1.7956640e-03 8.4809994e-04 6.8122608e-04 2.2373146e-04
 2.1661668e-04 1.9932097e-04 1.9657974e-04 1.0839385e-04 3.7886330e-05
 2.9395893e-05]",Travel
"['Technology' 'Culture' 'Music' 'Travel' 'World' 'Business' 'Health'
 'Science' 'Sport' 'Politics' 'Food']","[8.9701843e-01 5.7644829e-02 1.6063180e-02 1.1898964e-02 6.7285108e-03
 3.7081777e-03 2.8824974e-03 1.4643081e-03 1.0605926e-03 7.8630174e-04
 7.4417045e-04]",Technology
"['Travel' 'Culture' 'Music' 'World' 'Technology' 'Sport' 'Food' 'Science'
 'Health' 'Politics' 'Business']","[9.75760698e-01 1.19287279e-02 3.85840586e-03 3.09348479e-03
 1.91421714e-03 1.40543503e-03 6.80304889e-04 6.14715565e-04
 4.85216908e-04 1.50674430e-04 1.08150634e-04]",Travel
"['Health' 'Science' 'Business' 'Food' 'Technology' 'World' 'Politics'
 'Culture' 'Sport' 'Music' 'Travel']","[9.75346506e-01 1.76252704e-02 2.85026687e-03 1.29241927e-03
 7.96179054e-04 7.44888617e-04 6.22114865e-04 3.27853835e-04
 2.13269406e-04 1.09999346e-04 7.11787070e-05]",Health
"['Culture' 'Science' 'Travel' 'World' 'Food' 'Health' 'Music' 'Business'
 'Technology' 'Sport' 'Politics']","[5.2910966e-01 3.7580004e-01 6.1880305e-02 1.6038621e-02 4.7273082e-03
 4.4530560e-03 3.8554347e-03 2.4707299e-03 8.0873974e-04 5.6158815e-04
 2.9453766e-04]",Science
"['Food' 'Health' 'Science' 'Culture' 'Business' 'Sport' 'Music' 'World'
 'Travel' 'Technology' 'Politics']","[7.9748368e-01 1.2563071e-01 3.2249488e-02 1.8626232e-02 1.7869096e-02
 2.6742215e-03 1.4368818e-03 1.2468694e-03 1.1852157e-03 1.0469916e-03
 5.5057701e-04]",Food
"['Business' 'Health' 'Politics' 'Sport' 'Culture' 'Technology' 'Science'
 'World' 'Music' 'Food' 'Travel']","[9.6807623e-01 2.2459177e-02 3.0916885e-03 1.8426628e-03 1.8238006e-03
 1.6239351e-03 4.7122280e-04 2.3157035e-04 1.9350069e-04 1.3626606e-04
 4.9864851e-05]",Business
"['Culture' 'Travel' 'World' 'Science' 'Music' 'Sport' 'Business' 'Food'
 'Technology' 'Health' 'Politics']","[0.8442627  0.05422102 0.03568066 0.02996459 0.01153047 0.01064012
 0.00463174 0.00323602 0.00306056 0.00152591 0.00124619]",Culture
"['Politics' 'Business' 'Sport' 'Culture' 'Health' 'Science' 'Travel'
 'Music' 'World' 'Technology' 'Food']","[9.7365505e-01 7.1722814e-03 4.9937000e-03 3.9253403e-03 2.8871605e-03
 2.1937899e-03 2.0556909e-03 1.7866520e-03 6.1642518e-04 4.9702928e-04
 2.1686316e-04]",Politics
"['Business' 'Health' 'Culture' 'Technology' 'Sport' 'Politics' 'Food'
 'Science' 'World' 'Music' 'Travel']","[9.8812568e-01 6.2991623e-03 1.4215935e-03 1.1530829e-03 1.1004625e-03
 1.0295346e-03 2.4849863e-04 2.0037356e-04 1.8146404e-04 1.6691684e-04
 7.3257375e-05]",Business
"['World' 'Health' 'Science' 'Food' 'Culture' 'Business' 'Technology'
 'Travel' 'Sport' 'Music' 'Politics']","[4.8794195e-01 3.4055367e-01 1.4380789e-01 9.0747923e-03 6.6255596e-03
 3.5477965e-03 3.4991864e-03 1.7295999e-03 1.6214103e-03 1.3078634e-03
 2.9032855e-04]",World
"['Travel' 'World' 'Science' 'Technology' 'Music' 'Sport' 'Culture'
 'Health' 'Food' 'Business' 'Politics']","[9.6881312e-01 1.0591972e-02 6.0208947e-03 3.3930480e-03 3.2151735e-03
 2.6256160e-03 2.5884672e-03 1.1724003e-03 8.2837109e-04 6.5457402e-04
 9.6363256e-05]",Travel
"['Music' 'Culture' 'Sport' 'Technology' 'Health' 'Business' 'Travel'
 'Science' 'Food' 'Politics' 'World']","[9.6546412e-01 3.0778995e-02 9.3124446e-04 6.8644510e-04 6.4009108e-04
 4.8828934e-04 3.9751644e-04 3.0265984e-04 1.5100160e-04 8.0004975e-05
 7.9593272e-05]",Music
"['Music' 'Culture' 'Health' 'Business' 'Technology' 'Travel' 'Science'
 'Sport' 'World' 'Food' 'Politics']","[9.4946438e-01 4.3847017e-02 2.0450216e-03 1.1985740e-03 9.5744320e-04
 8.5402129e-04 5.7223061e-04 5.0115172e-04 2.2729982e-04 1.9248990e-04
 1.4023102e-04]",Music
"['Technology' 'Travel' 'Sport' 'Culture' 'World' 'Health' 'Business'
 'Music' 'Science' 'Food' 'Politics']","[9.6764755e-01 1.1888915e-02 6.5399040e-03 4.2515583e-03 2.1409700e-03
 2.0590862e-03 2.0152461e-03 1.7628800e-03 1.0912139e-03 5.1721482e-04
 8.5476880e-05]",Technology
"['Culture' 'Politics' 'Music' 'Business' 'World' 'Travel' 'Science'
 'Sport' 'Technology' 'Health' 'Food']","[9.1740149e-01 4.6945356e-02 1.4339663e-02 7.8714360e-03 3.9691976e-03
 3.6742245e-03 1.4092528e-03 1.3943410e-03 1.2876836e-03 1.1142436e-03
 5.9307797e-04]",Politics
"['Music' 'Culture' 'Travel' 'Science' 'Sport' 'Health' 'Technology'
 'Business' 'World' 'Food' 'Politics']","[9.7951138e-01 1.6208421e-02 1.3793558e-03 6.7231292e-04 5.1247055e-04
 4.8347312e-04 4.5885026e-04 3.0199630e-04 2.9178316e-04 1.4420997e-04
 3.5644465e-05]",Culture
"['Business' 'Health' 'Politics' 'Culture' 'Science' 'World' 'Sport'
 'Technology' 'Music' 'Food' 'Travel']","[9.5725298e-01 1.5259965e-02 1.5164160e-02 6.0494533e-03 2.2694399e-03
 1.3830495e-03 1.1479680e-03 7.1118789e-04 4.1710088e-04 2.8805895e-04
 5.6696103e-05]",Business
"['Science' 'World' 'Health' 'Travel' 'Culture' 'Food' 'Business' 'Music'
 'Sport' 'Technology' 'Politics']","[0.91865075 0.02104962 0.01464876 0.0138886  0.01079364 0.00574624
 0.00512672 0.00468305 0.00228263 0.00172213 0.00140778]",Science
"['Culture' 'Health' 'World' 'Music' 'Science' 'Business' 'Travel' 'Sport'
 'Technology' 'Politics' 'Food']","[0.546952   0.22017963 0.09914418 0.04260391 0.03561244 0.0219024
 0.01086089 0.00895259 0.00773854 0.00531466 0.00073871]",World
"['Food' 'Culture' 'Travel' 'Music' 'Health' 'World' 'Politics' 'Science'
 'Business' 'Sport' 'Technology']","[9.8686916e-01 6.5476461e-03 3.0310922e-03 7.1266165e-04 6.0893386e-04
 4.9818278e-04 4.2656675e-04 3.4247845e-04 3.2940967e-04 3.1761455e-04
 3.1619438e-04]",Food
"['Technology' 'Culture' 'Travel' 'Science' 'Health' 'World' 'Music'
 'Business' 'Sport' 'Politics' 'Food']","[9.6820116e-01 2.0260815e-02 2.4840196e-03 2.1647105e-03 2.1511333e-03
 1.8566676e-03 1.2575559e-03 8.6366362e-04 5.1698112e-04 1.2524363e-04
 1.1800284e-04]",Technology
"['Music' 'Culture' 'Health' 'Travel' 'World' 'Science' 'Business' 'Food'
 'Sport' 'Technology' 'Politics']","[9.6945816e-01 2.2150479e-02 2.9143244e-03 1.9745000e-03 9.0430200e-04
 7.6007296e-04 5.1230605e-04 4.5359199e-04 4.1252369e-04 4.0683034e-04
 5.2835141e-05]",Music
"['World' 'Business' 'Science' 'Politics' 'Sport' 'Travel' 'Health' 'Food'
 'Culture' 'Technology' 'Music']","[9.6832108e-01 8.4641492e-03 6.7008678e-03 3.8563902e-03 3.2944034e-03
 2.6708639e-03 1.9040625e-03 1.4462202e-03 1.2112570e-03 1.2095813e-03
 9.2099642e-04]",World
"['Music' 'Culture' 'Health' 'Travel' 'Technology' 'Business' 'Sport'
 'Science' 'World' 'Food' 'Politics']","[9.5387775e-01 4.1241474e-02 1.2627369e-03 9.6188678e-04 6.6696835e-04
 5.4328004e-04 5.2629894e-04 4.1590200e-04 2.3630953e-04 2.0757871e-04
 5.9888178e-05]",Music
"['Culture' 'Music' 'Travel' 'World' 'Science' 'Business' 'Technology'
 'Food' 'Sport' 'Politics' 'Health']","[0.82685316 0.12629344 0.01698186 0.00924955 0.00486155 0.00447045
 0.00429694 0.00226359 0.00180648 0.00162602 0.00129696]",Health
"['Sport' 'Music' 'Culture' 'World' 'Business' 'Science' 'Health' 'Travel'
 'Technology' 'Politics' 'Food']","[8.5237408e-01 3.0888269e-02 3.0308638e-02 2.8952105e-02 1.8444845e-02
 1.3229404e-02 9.9229990e-03 7.5297677e-03 6.0325409e-03 2.1905301e-03
 1.2686122e-04]",Sport
"['Business' 'Health' 'Science' 'Culture' 'Technology' 'Sport' 'Politics'
 'World' 'Food' 'Music' 'Travel']","[8.8640136e-01 4.7277797e-02 3.2217883e-02 8.4998449e-03 7.4306736e-03
 7.3694419e-03 5.5697006e-03 2.2963723e-03 1.6190362e-03 1.0888946e-03
 2.2914141e-04]",Business
"['Travel' 'World' 'Science' 'Culture' 'Sport' 'Music' 'Technology' 'Food'
 'Health' 'Politics' 'Business']","[9.8917246e-01 4.4886591e-03 1.6850815e-03 1.5576180e-03 1.0111275e-03
 8.3588238e-04 5.7992409e-04 2.0775062e-04 2.0125034e-04 1.5107391e-04
 1.0921170e-04]",World
"['Technology' 'Business' 'Culture' 'Health' 'Sport' 'Science' 'Travel'
 'World' 'Music' 'Food' 'Politics']","[9.73784924e-01 1.23358965e-02 7.80297490e-03 2.27647182e-03
 1.22158497e-03 1.06325082e-03 5.79912623e-04 5.13298612e-04
 2.97639897e-04 6.29541755e-05 6.11366777e-05]",Business
"['Science' 'Health' 'World' 'Technology' 'Culture' 'Food' 'Business'
 'Travel' 'Music' 'Sport' 'Politics']","[6.3584673e-01 2.6264250e-01 8.5674785e-02 5.1740631e-03 3.1751916e-03
 2.3423214e-03 1.5755363e-03 1.3945638e-03 1.2282628e-03 5.5609021e-04
 3.8999764e-04]",Science
"['Sport' 'Technology' 'Health' 'Science' 'Culture' 'Travel' 'Business'
 'Music' 'World' 'Politics' 'Food']","[9.7310793e-01 1.1792588e-02 5.3174649e-03 5.2633793e-03 1.5763333e-03
 8.8202732e-04 8.1279996e-04 5.9075130e-04 2.8407978e-04 2.0515057e-04
 1.6737547e-04]",Sport
"['Business' 'Sport' 'Culture' 'Health' 'Science' 'Travel' 'World'
 'Technology' 'Food' 'Politics' 'Music']","[5.4340094e-01 4.1035444e-01 2.5134956e-02 5.9691761e-03 4.9268790e-03
 4.6325633e-03 2.1982985e-03 1.3108320e-03 8.5524557e-04 7.3634018e-04
 4.8029175e-04]",Business
"['Music' 'Culture' 'Health' 'Travel' 'Science' 'Sport' 'Business'
 'Technology' 'World' 'Food' 'Politics']","[5.9395450e-01 1.7094149e-01 1.1909618e-01 2.7993683e-02 2.5486210e-02
 2.1339068e-02 1.6878359e-02 1.4750804e-02 8.3783371e-03 7.0384366e-04
 4.7757928e-04]",Music
"['Health' 'World' 'Business' 'Culture' 'Politics' 'Science' 'Travel'
 'Music' 'Sport' 'Food' 'Technology']","[0.73000026 0.07991455 0.05871643 0.04708563 0.04083319 0.01186555
 0.0106077  0.00749876 0.00643049 0.00433683 0.00271063]",Health
"['Food' 'Culture' 'Science' 'Health' 'Travel' 'Business' 'World' 'Music'
 'Sport' 'Technology' 'Politics']","[9.6704137e-01 2.1012856e-02 5.4506683e-03 2.6240994e-03 1.3295829e-03
 1.1293858e-03 6.1281578e-04 2.8292192e-04 2.1697051e-04 1.7310512e-04
 1.2614978e-04]",Food
"['Travel' 'World' 'Music' 'Sport' 'Science' 'Culture' 'Technology' 'Food'
 'Health' 'Business' 'Politics']","[9.9777704e-01 7.9904153e-04 3.0054376e-04 2.5768971e-04 2.3883503e-04
 2.0392243e-04 1.6616576e-04 1.2596241e-04 7.8721663e-05 2.9234410e-05
 2.2999064e-05]",Travel
"['Business' 'Culture' 'Sport' 'Technology' 'Health' 'Politics' 'World'
 'Food' 'Music' 'Science' 'Travel']","[9.1625392e-01 2.5179675e-02 2.0892369e-02 1.0731091e-02 9.5209936e-03
 7.8334026e-03 4.6561128e-03 2.0671466e-03 1.7051887e-03 8.7253342e-04
 2.8745699e-04]",Business
"['Sport' 'Music' 'Culture' 'Health' 'Business' 'Technology' 'Science'
 'Travel' 'World' 'Politics' 'Food']","[9.4977677e-01 1.1317322e-02 9.9680945e-03 9.9262455e-03 5.5651912e-03
 4.7011240e-03 2.8209807e-03 2.5308894e-03 1.6637495e-03 1.1014430e-03
 6.2814821e-04]",Sport
"['Sport' 'Health' 'Business' 'Travel' 'Technology' 'Science' 'Music'
 'World' 'Culture' 'Politics' 'Food']","[9.3917125e-01 2.1025818e-02 1.2467755e-02 7.9768328e-03 6.0107810e-03
 5.7877409e-03 3.5750156e-03 1.7634063e-03 1.1893756e-03 7.4293069e-04
 2.8907796e-04]",Sport
"['Technology' 'Travel' 'Science' 'Sport' 'Culture' 'World' 'Business'
 'Health' 'Music' 'Food' 'Politics']","[8.6427587e-01 6.1981063e-02 2.5764963e-02 2.2163237e-02 9.0162605e-03
 4.9323486e-03 4.1464786e-03 4.0117060e-03 2.5502862e-03 7.3662895e-04
 4.2119893e-04]",Technology
"['Health' 'Science' 'World' 'Food' 'Business' 'Culture' 'Technology'
 'Travel' 'Music' 'Politics' 'Sport']","[6.8172145e-01 2.6419747e-01 3.9275825e-02 4.2069373e-03 3.3343581e-03
 2.4490568e-03 1.3834005e-03 1.3797738e-03 8.0959860e-04 6.8697880e-04
 5.5512961e-04]",Health
"['World' 'Business' 'Politics' 'Travel' 'Sport' 'Science' 'Health'
 'Technology' 'Culture' 'Music' 'Food']","[0.80146146 0.05411464 0.04893915 0.04600545 0.01655789 0.01057241
 0.00792507 0.00668    0.00508696 0.00166938 0.00098755]",World
"['Technology' 'Culture' 'Science' 'Business' 'Health' 'World' 'Music'
 'Travel' 'Sport' 'Food' 'Politics']","[5.4418707e-01 2.9966819e-01 4.4955242e-02 3.8733106e-02 2.6296677e-02
 1.2382631e-02 1.1818174e-02 1.0009611e-02 8.0923988e-03 3.6077914e-03
 2.4921031e-04]",Technology
"['Business' 'Technology' 'World' 'Health' 'Culture' 'Science' 'Sport'
 'Travel' 'Music' 'Politics' 'Food']","[0.5140032  0.1836224  0.11370485 0.06717611 0.06472731 0.01930938
 0.01747256 0.00800572 0.00739626 0.00301879 0.00156344]",Business
"['Culture' 'Politics' 'Science' 'Business' 'World' 'Health' 'Music'
 'Travel' 'Sport' 'Technology' 'Food']","[0.43965912 0.37073383 0.05356987 0.04747192 0.03132555 0.01587255
 0.01204071 0.01130903 0.00624148 0.00607915 0.00569676]",Politics
"['Food' 'Culture' 'Travel' 'Science' 'Health' 'Business' 'Politics'
 'Music' 'World' 'Technology' 'Sport']","[9.8747432e-01 6.3362857e-03 2.1201607e-03 9.8247651e-04 9.5336739e-04
 6.8429112e-04 6.1396754e-04 2.8669319e-04 2.2093148e-04 2.1549463e-04
 1.1200673e-04]",Food
"['Health' 'Science' 'World' 'Culture' 'Business' 'Technology' 'Travel'
 'Music' 'Food' 'Sport' 'Politics']","[0.63643163 0.3194126  0.00962933 0.00931509 0.00827099 0.00814667
 0.00297265 0.00196345 0.00167877 0.0013462  0.00083258]",Health
"['Culture' 'Travel' 'World' 'Science' 'Music' 'Health' 'Food' 'Business'
 'Technology' 'Sport' 'Politics']","[9.0395242e-01 5.3038985e-02 1.6392341e-02 1.0828793e-02 7.8347959e-03
 3.1829760e-03 1.7183841e-03 1.6607790e-03 6.3275173e-04 5.2344322e-04
 2.3428210e-04]",Sport
"['World' 'Health' 'Science' 'Food' 'Travel' 'Business' 'Culture' 'Sport'
 'Technology' 'Music' 'Politics']","[8.4393740e-01 1.1203904e-01 2.9673582e-02 4.0478581e-03 2.6641914e-03
 2.4294562e-03 2.0479981e-03 1.2128784e-03 9.5491746e-04 8.4232277e-04
 1.5025925e-04]",Health
"['Music' 'Culture' 'Technology' 'Health' 'Business' 'Travel' 'Sport'
 'Science' 'World' 'Politics' 'Food']","[9.0597284e-01 7.4465029e-02 5.3636199e-03 5.0933664e-03 2.9393521e-03
 2.2753195e-03 1.8821561e-03 1.1671820e-03 4.0207763e-04 2.3379442e-04
 2.0534275e-04]",Music
"['Culture' 'World' 'Music' 'Travel' 'Science' 'Technology' 'Food' 'Health'
 'Business' 'Sport' 'Politics']","[0.7441983  0.16596907 0.03720348 0.02130236 0.01021963 0.00713756
 0.00577271 0.00263852 0.00224531 0.00191221 0.00140083]",Culture
"['Technology' 'Sport' 'Business' 'Culture' 'Health' 'Travel' 'Science'
 'World' 'Politics' 'Music' 'Food']","[0.67278576 0.10825332 0.09371099 0.04810352 0.04114023 0.01388213
 0.0110707  0.00648896 0.00224011 0.00133026 0.00099404]",Business
"['Travel' 'Culture' 'Science' 'Music' 'Health' 'World' 'Food' 'Business'
 'Sport' 'Technology' 'Politics']","[0.7601579  0.06747752 0.05365702 0.02914208 0.02748687 0.02492477
 0.0145065  0.01031382 0.00708942 0.00320646 0.00203767]",Travel
"['Politics' 'Culture' 'Science' 'Business' 'Music' 'World' 'Health'
 'Travel' 'Sport' 'Food' 'Technology']","[9.5509553e-01 2.2460388e-02 7.6133236e-03 3.4924496e-03 3.4144733e-03
 1.9916722e-03 1.9416520e-03 1.4764634e-03 1.4645894e-03 5.4299948e-04
 5.0649763e-04]",Politics
"['Food' 'Culture' 'Travel' 'Health' 'World' 'Business' 'Science' 'Music'
 'Sport' 'Politics' 'Technology']","[9.8718381e-01 5.7673063e-03 3.4694362e-03 1.0768932e-03 7.7766617e-04
 5.1526731e-04 4.4305625e-04 3.9653806e-04 1.7828989e-04 1.0001605e-04
 9.1737529e-05]",Food
"['Technology' 'Culture' 'Sport' 'Health' 'Music' 'Business' 'Science'
 'World' 'Travel' 'Food' 'Politics']","[9.8596615e-01 5.9400327e-03 3.3985365e-03 1.7316963e-03 1.1508181e-03
 7.4052607e-04 4.2610493e-04 3.6292599e-04 1.9623354e-04 5.4677093e-05
 3.2416461e-05]",Technology
"['Sport' 'Technology' 'Culture' 'Business' 'Music' 'Travel' 'Health'
 'Science' 'World' 'Food' 'Politics']","[0.7500551  0.19317466 0.01979191 0.01321783 0.00631109 0.00488244
 0.00472841 0.00384491 0.00197777 0.00100957 0.00100637]",Sport
"['Travel' 'Culture' 'World' 'Science' 'Music' 'Sport' 'Food' 'Technology'
 'Health' 'Business' 'Politics']","[9.8727989e-01 4.5594769e-03 3.3096911e-03 2.6585090e-03 8.0043217e-04
 4.9817481e-04 2.7504718e-04 2.0700578e-04 1.6735295e-04 1.6637523e-04
 7.8200130e-05]",Travel
"['Food' 'Culture' 'Health' 'Business' 'Science' 'Travel' 'Music'
 'Politics' 'Sport' 'World' 'Technology']","[9.6956682e-01 1.3263623e-02 6.7863641e-03 3.5016981e-03 3.0580782e-03
 1.1854556e-03 7.2813343e-04 6.1792519e-04 4.8706291e-04 4.1255439e-04
 3.9239487e-04]",Food
"['Music' 'Culture' 'Health' 'Business' 'Travel' 'Sport' 'Technology'
 'Science' 'Food' 'World' 'Politics']","[9.78405595e-01 1.77407116e-02 1.11787778e-03 6.51867071e-04
 5.83694084e-04 5.38754161e-04 4.38802555e-04 2.16677217e-04
 1.29412147e-04 1.05070045e-04 7.15830392e-05]",Culture
"['Culture' 'Technology' 'Science' 'Travel' 'Business' 'World' 'Health'
 'Sport' 'Politics' 'Music' 'Food']","[0.56190014 0.13308676 0.11246873 0.07127    0.03669471 0.0347124
 0.03080866 0.00689665 0.00510816 0.0037776  0.00327619]",Health
"['Sport' 'Business' 'Culture' 'Health' 'Science' 'Politics' 'Technology'
 'Music' 'Travel' 'World' 'Food']","[8.9473850e-01 4.0581629e-02 2.4230799e-02 1.8865522e-02 1.0577339e-02
 3.1506869e-03 2.8734836e-03 2.6915837e-03 1.1248395e-03 8.6687901e-04
 2.9874058e-04]",Politics
"['Culture' 'Technology' 'Music' 'Science' 'Sport' 'Business' 'Health'
 'World' 'Travel' 'Politics' 'Food']","[0.60709965 0.1361718  0.08503408 0.08088072 0.02822413 0.02313988
 0.02167438 0.00814553 0.00767556 0.00116886 0.00078542]",Technology
"['Health' 'Business' 'Science' 'Culture' 'Technology' 'World' 'Politics'
 'Food' 'Sport' 'Music' 'Travel']","[9.4434434e-01 2.0577384e-02 1.7838158e-02 7.6226676e-03 3.0747966e-03
 2.9419265e-03 1.1474456e-03 9.0321479e-04 6.9249113e-04 5.4743944e-04
 3.1013566e-04]",Health
"['Culture' 'Music' 'World' 'Travel' 'Science' 'Business' 'Technology'
 'Health' 'Food' 'Politics' 'Sport']","[9.8398292e-01 4.8022154e-03 3.7562829e-03 2.7873532e-03 1.9799885e-03
 7.7590166e-04 5.5105210e-04 4.7423950e-04 4.7169146e-04 2.6124934e-04
 1.5709881e-04]",Culture
"['Food' 'Culture' 'World' 'Travel' 'Health' 'Science' 'Business' 'Sport'
 'Politics' 'Music' 'Technology']","[9.5011103e-01 2.9152835e-02 7.0184246e-03 5.5012563e-03 3.8391869e-03
 1.8284994e-03 1.4296027e-03 3.3508168e-04 2.9311562e-04 2.6613785e-04
 2.2488748e-04]",Food
"['Sport' 'Science' 'Technology' 'Health' 'Travel' 'Business' 'Culture'
 'Music' 'World' 'Politics' 'Food']","[9.5636255e-01 1.4868393e-02 9.6291332e-03 7.2769127e-03 4.2770463e-03
 3.0344855e-03 1.9197305e-03 1.1943866e-03 6.7472708e-04 4.7896261e-04
 2.8377946e-04]",Sport
"['Music' 'Culture' 'Technology' 'Health' 'Sport' 'Business' 'Science'
 'Travel' 'World' 'Politics' 'Food']","[9.7795653e-01 1.8289452e-02 8.4566092e-04 7.8438310e-04 6.5095146e-04
 4.0945061e-04 3.6264936e-04 2.1453667e-04 1.7391845e-04 1.6319627e-04
 1.4924105e-04]",Music
"['Music' 'Culture' 'Health' 'Technology' 'Science' 'Travel' 'Business'
 'Sport' 'World' 'Food' 'Politics']","[9.7137749e-01 2.4278624e-02 1.7891865e-03 5.9708237e-04 5.4009666e-04
 4.3057094e-04 3.9990162e-04 2.8701199e-04 1.3811943e-04 1.0962959e-04
 5.2218791e-05]",Music
"['Science' 'Travel' 'Culture' 'World' 'Health' 'Music' 'Technology'
 'Sport' 'Business' 'Food' 'Politics']","[9.5919794e-01 1.9235941e-02 1.0098179e-02 5.2438495e-03 1.9404722e-03
 1.8891185e-03 7.8662502e-04 5.0361553e-04 4.5975417e-04 3.3831160e-04
 3.0631750e-04]",Travel
"['Sport' 'Business' 'Science' 'Travel' 'Health' 'Technology' 'Culture'
 'World' 'Music' 'Politics' 'Food']","[9.7190982e-01 1.3923080e-02 5.5183051e-03 2.2098466e-03 1.4404739e-03
 1.4072652e-03 1.0201787e-03 9.3275082e-04 7.6627638e-04 6.4297934e-04
 2.2900307e-04]",Sport
"['Politics' 'Culture' 'Business' 'Health' 'Music' 'World' 'Science'
 'Technology' 'Travel' 'Sport' 'Food']","[9.1889578e-01 5.7791766e-02 7.5756903e-03 4.5916406e-03 4.0471805e-03
 2.1903913e-03 1.9809005e-03 1.4103270e-03 6.4748980e-04 5.0693128e-04
 3.6189397e-04]",Politics
"['Food' 'Culture' 'Business' 'Health' 'Travel' 'Politics' 'World'
 'Science' 'Music' 'Technology' 'Sport']","[9.7012728e-01 1.9060424e-02 4.1301674e-03 2.0536704e-03 1.2647994e-03
 1.0948256e-03 7.1662635e-04 6.6566200e-04 4.5938851e-04 3.5387601e-04
 7.3341071e-05]",Food
"['Culture' 'Business' 'Food' 'Politics' 'Health' 'World' 'Science'
 'Travel' 'Music' 'Technology' 'Sport']","[0.44732726 0.20470229 0.16875088 0.05819333 0.03825225 0.03477055
 0.03110725 0.00539261 0.00499039 0.00477257 0.00174061]",Food
"['Business' 'Technology' 'Health' 'Culture' 'Sport' 'Music' 'Science'
 'World' 'Travel' 'Politics' 'Food']","[9.6111149e-01 1.0479269e-02 9.6001308e-03 8.3832741e-03 2.4569524e-03
 1.7907375e-03 1.7759836e-03 1.3418632e-03 1.2506824e-03 1.0615501e-03
 7.4804376e-04]",Business
"['Sport' 'World' 'Business' 'Travel' 'Health' 'Science' 'Culture' 'Food'
 'Music' 'Technology' 'Politics']","[8.9556533e-01 6.7894705e-02 1.0176165e-02 8.2479659e-03 6.5734126e-03
 3.7260458e-03 3.3743188e-03 1.4460798e-03 1.2737084e-03 1.1981815e-03
 5.2405387e-04]",Sport
"['Culture' 'Food' 'World' 'Science' 'Health' 'Business' 'Travel'
 'Technology' 'Music' 'Sport' 'Politics']","[0.5599882  0.17195784 0.09767196 0.07990753 0.03686034 0.01678833
 0.01548431 0.01415464 0.00433982 0.0018023  0.00104478]",Science
"['Health' 'Food' 'Science' 'Culture' 'Technology' 'Business' 'Sport'
 'World' 'Travel' 'Music' 'Politics']","[0.46681607 0.41274077 0.08037128 0.01416518 0.00906853 0.00526404
 0.00418242 0.00283809 0.00251308 0.00149469 0.00054588]",Health
"['Culture' 'Music' 'Travel' 'World' 'Business' 'Food' 'Health' 'Science'
 'Politics' 'Technology' 'Sport']","[0.5609011  0.42331067 0.00545987 0.0020933  0.00169923 0.00162238
 0.00128937 0.00114205 0.00097435 0.00093189 0.00057576]",Music
"['Sport' 'Technology' 'Science' 'Culture' 'Business' 'Health' 'Music'
 'Travel' 'World' 'Politics' 'Food']","[9.4677091e-01 1.7468933e-02 1.6864549e-02 5.7615475e-03 4.3492476e-03
 2.6001858e-03 2.1533940e-03 2.0462745e-03 1.2150884e-03 4.8416402e-04
 2.8577654e-04]",Sport
"['Technology' 'Travel' 'Business' 'Culture' 'Health' 'Music' 'Sport'
 'Science' 'World' 'Politics' 'Food']","[0.5813096  0.14033279 0.11515961 0.07268279 0.03458736 0.01735252
 0.01067717 0.0103024  0.00764796 0.00723541 0.00271246]",Technology
"['Science' 'Politics' 'Culture' 'World' 'Travel' 'Health' 'Business'
 'Technology' 'Sport' 'Music' 'Food']","[0.6451484  0.11058299 0.10332981 0.04753792 0.0437627  0.01401514
 0.01315432 0.01055361 0.00724423 0.00322109 0.00144984]",Politics
"['Culture' 'Food' 'Business' 'World' 'Politics' 'Health' 'Science' 'Music'
 'Travel' 'Technology' 'Sport']","[0.57869637 0.22291434 0.11469676 0.02364169 0.02063022 0.01716952
 0.00779684 0.00593083 0.00404948 0.00323372 0.00124027]",Culture
"['Food' 'Culture' 'Travel' 'Health' 'Music' 'Science' 'Politics'
 'Business' 'World' 'Technology' 'Sport']","[9.8944539e-01 4.5445999e-03 1.7359593e-03 1.3970518e-03 9.2001946e-04
 5.6886784e-04 4.6772245e-04 2.7259914e-04 2.4996526e-04 2.1837691e-04
 1.7943539e-04]",Food
"['World' 'Culture' 'Technology' 'Business' 'Travel' 'Science' 'Food'
 'Politics' 'Sport' 'Health' 'Music']","[0.77191806 0.07148962 0.03914242 0.03587451 0.02830106 0.01740304
 0.01013351 0.00958486 0.00632338 0.00549653 0.00433291]",World
"['Technology' 'Culture' 'Health' 'Science' 'Music' 'Sport' 'Business'
 'Travel' 'World' 'Food' 'Politics']","[9.9008358e-01 2.7978360e-03 2.3273365e-03 1.5826107e-03 8.8088453e-04
 6.8411109e-04 6.1433483e-04 4.6861410e-04 4.2142201e-04 9.6373326e-05
 4.2983302e-05]",Technology
"['Music' 'Culture' 'Technology' 'Health' 'Sport' 'Business' 'Travel'
 'Science' 'World' 'Food' 'Politics']","[9.6434635e-01 2.6719239e-02 2.5600123e-03 2.4084875e-03 1.0975351e-03
 9.6794515e-04 7.7746884e-04 6.1424333e-04 2.4923708e-04 1.6853532e-04
 9.0911737e-05]",Music
"['Food' 'Travel' 'Culture' 'Music' 'Health' 'Politics' 'Business' 'Sport'
 'World' 'Technology' 'Science']","[0.9175654  0.03031039 0.02485046 0.01048779 0.0034246  0.00300039
 0.00278664 0.00271568 0.00195579 0.00164376 0.00125906]",Food
"['Travel' 'Sport' 'Music' 'Culture' 'World' 'Science' 'Technology'
 'Health' 'Food' 'Business' 'Politics']","[9.9361646e-01 2.1809409e-03 1.1286886e-03 6.5356569e-04 5.8449694e-04
 4.4796776e-04 4.2498126e-04 3.2086292e-04 2.7431748e-04 1.9206121e-04
 1.7565713e-04]",Culture
"['Health' 'Science' 'Business' 'Sport' 'Technology' 'Culture' 'Food'
 'World' 'Music' 'Travel' 'Politics']","[9.2087704e-01 5.0059114e-02 1.4499994e-02 4.2146449e-03 2.2798351e-03
 2.1183644e-03 1.9238392e-03 1.8258675e-03 9.8062318e-04 8.0115907e-04
 4.1941978e-04]",Health
"['Culture' 'Politics' 'World' 'Business' 'Health' 'Science' 'Music'
 'Travel' 'Food' 'Technology' 'Sport']","[4.95282471e-01 4.31074291e-01 3.70274857e-02 1.07146315e-02
 8.75817612e-03 5.57811139e-03 5.25526144e-03 2.80886958e-03
 1.90154789e-03 1.19574519e-03 4.03426850e-04]",Politics
"['Culture' 'Travel' 'Science' 'World' 'Music' 'Food' 'Health' 'Business'
 'Technology' 'Sport' 'Politics']","[8.8327020e-01 4.6752915e-02 2.4245623e-02 2.0837424e-02 1.2157678e-02
 5.2448991e-03 2.7802540e-03 1.7668605e-03 1.2807061e-03 1.1181394e-03
 5.4522173e-04]",Culture
"['Technology' 'Culture' 'Health' 'Business' 'Sport' 'Travel' 'Music'
 'Science' 'World' 'Food' 'Politics']","[9.9556500e-01 1.6382633e-03 6.9583248e-04 4.7683364e-04 4.2725712e-04
 4.1671164e-04 3.6531035e-04 2.0134971e-04 1.5981954e-04 3.2778251e-05
 2.0841622e-05]",Technology
"['Travel' 'World' 'Culture' 'Science' 'Music' 'Food' 'Politics' 'Sport'
 'Business' 'Health' 'Technology']","[9.7575921e-01 1.0363996e-02 5.0356942e-03 4.2304276e-03 2.1126859e-03
 6.6678139e-04 4.3680263e-04 3.8281508e-04 3.5269302e-04 3.3583367e-04
 3.2312717e-04]",Travel
"['Science' 'Travel' 'Culture' 'World' 'Technology' 'Music' 'Sport'
 'Business' 'Politics' 'Health' 'Food']","[0.80433846 0.1169232  0.03397351 0.01618979 0.01455207 0.00397547
 0.00322924 0.00211641 0.00202758 0.00180505 0.00086926]",Travel
"['Sport' 'Health' 'Science' 'Culture' 'Business' 'World' 'Technology'
 'Travel' 'Music' 'Food' 'Politics']","[9.8519301e-01 4.8168753e-03 2.6067521e-03 1.7429634e-03 1.7254549e-03
 1.6364534e-03 7.9915515e-04 6.3714868e-04 5.4961699e-04 1.9439834e-04
 9.8185556e-05]",Sport
"['Health' 'Science' 'Technology' 'World' 'Business' 'Culture' 'Food'
 'Travel' 'Sport' 'Music' 'Politics']","[8.4062898e-01 1.4543957e-01 8.2670879e-03 1.8420840e-03 1.0958296e-03
 8.0120139e-04 6.6015992e-04 5.9434318e-04 2.8522906e-04 2.5534967e-04
 1.3014031e-04]",Health
"['Sport' 'Business' 'Science' 'Culture' 'Health' 'Travel' 'Technology'
 'Music' 'World' 'Politics' 'Food']","[9.9253172e-01 1.5266578e-03 1.4628196e-03 1.1655955e-03 8.9965109e-04
 8.1072689e-04 7.2443282e-04 5.1505712e-04 1.9714184e-04 9.1807822e-05
 7.4426564e-05]",Sport
"['World' 'Culture' 'Travel' 'Science' 'Business' 'Politics' 'Music' 'Food'
 'Technology' 'Health' 'Sport']","[9.2201817e-01 5.2118737e-02 7.5510973e-03 7.0413272e-03 3.7605872e-03
 3.1054565e-03 1.3334232e-03 1.1647339e-03 8.5325894e-04 6.1329507e-04
 4.3987145e-04]",World
"['Sport' 'Business' 'Travel' 'Science' 'Technology' 'Health' 'Music'
 'Politics' 'World' 'Culture' 'Food']","[9.5524609e-01 2.1423019e-02 8.0464054e-03 4.2558485e-03 2.6050447e-03
 2.0748156e-03 1.6720828e-03 1.4476469e-03 1.4292748e-03 9.7238476e-04
 8.2749355e-04]",Sport
"['World' 'Culture' 'Politics' 'Science' 'Health' 'Business' 'Travel'
 'Sport' 'Music' 'Technology' 'Food']","[0.7327095  0.09522091 0.05109912 0.03398612 0.02350548 0.01585675
 0.01537876 0.01372807 0.00930459 0.00659264 0.00261799]",World
"['Music' 'Culture' 'Technology' 'Health' 'Science' 'Business' 'Travel'
 'Sport' 'Food' 'World' 'Politics']","[9.6030885e-01 2.8255984e-02 2.8521554e-03 2.5470706e-03 2.0616578e-03
 1.7100828e-03 1.0188944e-03 7.2784215e-04 2.5153288e-04 2.0556747e-04
 6.0357295e-05]",Music
"['Travel' 'Technology' 'Culture' 'World' 'Sport' 'Health' 'Music' 'Food'
 'Science' 'Politics' 'Business']","[9.6746385e-01 1.7658632e-02 3.3473049e-03 3.3050787e-03 2.7050695e-03
 1.8689140e-03 1.3774175e-03 8.4097724e-04 5.9404474e-04 4.2842867e-04
 4.1023677e-04]",Sport
"['Culture' 'Science' 'World' 'Music' 'Travel' 'Food' 'Business' 'Health'
 'Technology' 'Sport' 'Politics']","[9.7400111e-01 1.3214511e-02 3.9350442e-03 3.3241033e-03 2.6984813e-03
 7.2710967e-04 6.8239740e-04 6.2654028e-04 4.6111274e-04 2.0550263e-04
 1.2400365e-04]",Culture
"['Travel' 'World' 'Culture' 'Music' 'Sport' 'Science' 'Food' 'Technology'
 'Health' 'Business' 'Politics']","[9.4965279e-01 4.1057438e-02 3.3681600e-03 1.6377004e-03 1.4720178e-03
 9.9032733e-04 6.9605611e-04 5.4684660e-04 2.9992056e-04 1.4132439e-04
 1.3744162e-04]",Travel
"['Food' 'Culture' 'Travel' 'Music' 'World' 'Sport' 'Business' 'Technology'
 'Science' 'Health' 'Politics']","[0.6607163  0.14728035 0.07223921 0.04372534 0.02223769 0.01767046
 0.01161275 0.00941375 0.00649835 0.00472677 0.00387902]",Food
"['Food' 'Health' 'Culture' 'Science' 'Business' 'Music' 'World'
 'Technology' 'Travel' 'Sport' 'Politics']","[9.4760740e-01 2.9229419e-02 7.4645067e-03 5.4117818e-03 3.3533319e-03
 2.0226305e-03 1.4978847e-03 1.2871189e-03 9.2590408e-04 8.6157210e-04
 3.3850290e-04]",Health
"['Business' 'Travel' 'Culture' 'World' 'Politics' 'Science' 'Sport'
 'Music' 'Technology' 'Health' 'Food']","[0.3870438  0.15313277 0.11863097 0.09314412 0.07714518 0.05801599
 0.04242785 0.03596551 0.01981794 0.01310639 0.00156954]",Business
"['Health' 'Food' 'Science' 'Business' 'Culture' 'Technology' 'World'
 'Sport' 'Politics' 'Music' 'Travel']","[7.71532357e-01 1.16097696e-01 5.31033352e-02 3.15384865e-02
 1.07444096e-02 5.01200045e-03 4.00068378e-03 3.13363434e-03
 2.16542906e-03 2.14419514e-03 5.27799712e-04]",Science
"['Health' 'Science' 'World' 'Technology' 'Business' 'Food' 'Culture'
 'Music' 'Travel' 'Sport' 'Politics']","[6.0309565e-01 3.6820048e-01 1.6266974e-02 6.2537510e-03 1.9576752e-03
 1.9523812e-03 8.3587598e-04 4.8191566e-04 4.3229264e-04 3.5205271e-04
 1.7096550e-04]",Health
"['Culture' 'Business' 'Sport' 'Science' 'Politics' 'World' 'Health'
 'Music' 'Food' 'Travel' 'Technology']","[0.28485274 0.27080655 0.17055385 0.11807088 0.0743172  0.03349196
 0.02015234 0.01741984 0.00469782 0.00340602 0.00223072]",Politics
"['Culture' 'Politics' 'Music' 'Business' 'Health' 'Travel' 'Science'
 'Technology' 'Sport' 'World' 'Food']","[0.50252503 0.40719983 0.02215025 0.01467278 0.01451248 0.01079293
 0.01006579 0.0062553  0.00551744 0.004782   0.00152616]",Culture
"['Health' 'Science' 'Business' 'World' 'Technology' 'Food' 'Culture'
 'Sport' 'Politics' 'Travel' 'Music']","[9.5708424e-01 3.7086796e-02 1.9027593e-03 1.5989640e-03 9.5735892e-04
 4.9245992e-04 3.8210669e-04 1.7160662e-04 1.2182619e-04 1.0626538e-04
 9.5586183e-05]",Health
"['World' 'Culture' 'Travel' 'Science' 'Sport' 'Politics' 'Business' 'Food'
 'Health' 'Technology' 'Music']","[9.8649317e-01 4.1223452e-03 2.1126373e-03 1.6769670e-03 1.1969785e-03
 1.1855412e-03 1.0354575e-03 6.1905780e-04 6.1056932e-04 4.7824168e-04
 4.6897648e-04]",World
"['Culture' 'Science' 'Music' 'Health' 'Technology' 'Travel' 'Business'
 'World' 'Sport' 'Food' 'Politics']","[0.47141317 0.35491365 0.07718202 0.03940076 0.01487419 0.01403826
 0.01158316 0.00971289 0.00392095 0.00245348 0.0005075 ]",Music
"['Technology' 'Culture' 'Travel' 'Food' 'Business' 'Science' 'Sport'
 'Music' 'Health' 'World' 'Politics']","[0.5847483  0.2027701  0.09575815 0.04974135 0.02197087 0.01576536
 0.01269926 0.00604414 0.00586178 0.00367547 0.0009652 ]",Technology
"['Music' 'Culture' 'Travel' 'Sport' 'Health' 'Science' 'World'
 'Technology' 'Business' 'Food' 'Politics']","[9.0359867e-01 7.8011028e-02 8.6664837e-03 3.5058297e-03 2.3685077e-03
 1.0011467e-03 8.4662862e-04 7.9065730e-04 7.1269146e-04 3.9103066e-04
 1.0740327e-04]",Music
"['Culture' 'Music' 'Travel' 'Politics' 'World' 'Health' 'Business'
 'Science' 'Technology' 'Sport' 'Food']","[8.3695817e-01 8.3498456e-02 3.9708029e-02 2.0215049e-02 5.8083441e-03
 5.5711353e-03 2.9710417e-03 2.3923118e-03 1.4093213e-03 7.5078086e-04
 7.1734283e-04]",Culture
"['Politics' 'Culture' 'Business' 'Health' 'Science' 'Music' 'World'
 'Sport' 'Technology' 'Food' 'Travel']","[9.8531991e-01 3.5657531e-03 3.4718886e-03 3.3099935e-03 1.6099246e-03
 8.9625758e-04 8.6410146e-04 3.9357011e-04 2.6519815e-04 1.8074372e-04
 1.2264094e-04]",Politics
"['Culture' 'Music' 'Travel' 'Technology' 'World' 'Health' 'Sport'
 'Science' 'Business' 'Food' 'Politics']","[0.55328083 0.38417432 0.02733766 0.01377904 0.0062509  0.0035497
 0.0031739  0.0031106  0.00301414 0.00174413 0.00058484]",Culture
"['World' 'Business' 'Travel' 'Politics' 'Food' 'Culture' 'Science'
 'Health' 'Sport' 'Technology' 'Music']","[8.9313740e-01 6.1246034e-02 1.4738769e-02 1.0262860e-02 5.6158653e-03
 4.9104807e-03 4.2225909e-03 2.6459743e-03 2.2495082e-03 6.7104358e-04
 2.9947964e-04]",Politics
"['Business' 'World' 'Culture' 'Health' 'Sport' 'Technology' 'Politics'
 'Food' 'Science' 'Travel' 'Music']","[9.55709159e-01 1.24083115e-02 1.02140140e-02 7.82078411e-03
 7.23685464e-03 2.30496493e-03 1.66191661e-03 1.06635096e-03
 8.94326251e-04 4.41914541e-04 2.41262649e-04]",Business
"['Travel' 'Technology' 'Culture' 'World' 'Sport' 'Health' 'Music' 'Food'
 'Science' 'Politics' 'Business']","[9.6746385e-01 1.7658632e-02 3.3473049e-03 3.3050787e-03 2.7050695e-03
 1.8689140e-03 1.3774175e-03 8.4097724e-04 5.9404474e-04 4.2842867e-04
 4.1023677e-04]",Travel
"['Technology' 'Culture' 'Music' 'Business' 'Travel' 'Sport' 'Health'
 'Science' 'World' 'Food' 'Politics']","[9.87366915e-01 4.22199909e-03 3.12032248e-03 2.21398659e-03
 1.02921855e-03 9.98886419e-04 3.53296520e-04 2.80287059e-04
 2.40299167e-04 1.19530414e-04 5.53519858e-05]",Technology
"['Culture' 'Politics' 'Music' 'Travel' 'Business' 'Sport' 'World'
 'Technology' 'Science' 'Health' 'Food']","[0.6697503  0.22394381 0.03671349 0.03185887 0.01295929 0.00804174
 0.00779822 0.00366272 0.00236935 0.00218611 0.00071604]",Politics
"['Health' 'Science' 'World' 'Technology' 'Business' 'Culture' 'Travel'
 'Sport' 'Food' 'Music' 'Politics']","[9.0756589e-01 8.1355929e-02 4.2487336e-03 2.0358660e-03 1.9249943e-03
 6.5156748e-04 6.2307803e-04 5.8581238e-04 4.3908259e-04 4.0275638e-04
 1.6625503e-04]",Health
"['World' 'Culture' 'Politics' 'Business' 'Travel' 'Science' 'Health'
 'Sport' 'Music' 'Technology' 'Food']","[9.8855501e-01 4.8748720e-03 1.8047859e-03 1.1517574e-03 9.1715134e-04
 8.2736043e-04 7.8488787e-04 4.1399949e-04 3.4389930e-04 1.7124441e-04
 1.5494371e-04]",World
"['Music' 'Culture' 'Sport' 'Technology' 'Travel' 'Business' 'Health'
 'Science' 'Politics' 'Food' 'World']","[9.6340877e-01 2.8628852e-02 2.6594822e-03 1.9555849e-03 1.2411488e-03
 6.0123904e-04 5.1147438e-04 5.0424365e-04 1.7759010e-04 1.7277405e-04
 1.3880416e-04]",Music
"['Culture' 'Travel' 'Science' 'Technology' 'Business' 'Food' 'Music'
 'Health' 'Sport' 'Politics' 'World']","[0.850879   0.05619973 0.02537506 0.02193788 0.01838167 0.00724865
 0.00639569 0.00552995 0.00480511 0.00236988 0.00087737]",Culture
"['Food' 'Culture' 'Travel' 'Music' 'Sport' 'Health' 'Politics' 'Business'
 'Technology' 'Science' 'World']","[9.6440482e-01 1.2237194e-02 1.0416485e-02 5.0723916e-03 1.5769245e-03
 1.3167111e-03 1.2679691e-03 1.0590303e-03 1.0119911e-03 8.9648925e-04
 7.3998567e-04]",Food
"['Business' 'Culture' 'Health' 'World' 'Sport' 'Technology' 'Politics'
 'Food' 'Science' 'Music' 'Travel']","[9.8958629e-01 3.5070814e-03 2.2127999e-03 1.8115272e-03 1.2975491e-03
 4.2308198e-04 3.8920695e-04 3.6595089e-04 2.1589745e-04 1.0138596e-04
 8.9432018e-05]",Business
"['Culture' 'Travel' 'Music' 'Politics' 'Sport' 'Business' 'Health'
 'Science' 'World' 'Technology' 'Food']","[0.3906205  0.3723347  0.05166733 0.04706686 0.0468536  0.02255075
 0.01872591 0.01771928 0.01637576 0.00998149 0.00610377]",Culture
"['World' 'Travel' 'Culture' 'Politics' 'Science' 'Business' 'Food'
 'Health' 'Technology' 'Music' 'Sport']","[9.7214597e-01 9.2565957e-03 9.0482747e-03 2.4512878e-03 2.1807498e-03
 1.4476653e-03 1.3491203e-03 7.0345798e-04 5.7859934e-04 4.9124245e-04
 3.4696943e-04]",World
"['Politics' 'Health' 'Business' 'Culture' 'Science' 'World' 'Music'
 'Travel' 'Food' 'Sport' 'Technology']","[8.3201307e-01 7.6154523e-02 6.1118625e-02 1.1098782e-02 8.1660151e-03
 4.1531362e-03 2.2604275e-03 1.6759732e-03 1.6717039e-03 1.0074422e-03
 6.8030244e-04]",Politics
"['Music' 'Culture' 'Health' 'Science' 'Technology' 'Business' 'Sport'
 'Travel' 'World' 'Food' 'Politics']","[9.7121352e-01 2.1911141e-02 2.6494469e-03 1.0640597e-03 9.1749459e-04
 6.4402842e-04 6.4111367e-04 4.7947135e-04 1.9450748e-04 1.9447131e-04
 9.0856054e-05]",Music
"['World' 'Politics' 'Sport' 'Business' 'Science' 'Travel' 'Technology'
 'Music' 'Culture' 'Health' 'Food']","[8.8761818e-01 5.3056404e-02 1.3859250e-02 1.3099549e-02 1.0452077e-02
 5.7477322e-03 5.4482799e-03 5.1061264e-03 3.5235062e-03 1.4054268e-03
 6.8353233e-04]",Politics
"['Technology' 'Culture' 'Travel' 'Music' 'Sport' 'Business' 'World'
 'Health' 'Food' 'Science' 'Politics']","[9.1280711e-01 5.0935581e-02 1.1351231e-02 1.0315365e-02 6.3285334e-03
 4.3669152e-03 9.7239594e-04 9.2532003e-04 9.1378990e-04 6.9270958e-04
 3.9093921e-04]",Technology
"['Business' 'Politics' 'Culture' 'Sport' 'Science' 'Health' 'World' 'Food'
 'Music' 'Travel' 'Technology']","[0.48311555 0.33040237 0.09175886 0.04465397 0.03299958 0.00511129
 0.00464494 0.00355233 0.00185441 0.0010749  0.00083175]",Politics
"['World' 'Culture' 'Music' 'Business' 'Travel' 'Technology' 'Science'
 'Politics' 'Sport' 'Health' 'Food']","[0.8501651  0.03354398 0.02831864 0.02411218 0.02037925 0.01773898
 0.01086148 0.00607344 0.00444097 0.00349215 0.00087368]",Business
"['Health' 'World' 'Science' 'Culture' 'Food' 'Travel' 'Business'
 'Technology' 'Music' 'Sport' 'Politics']","[4.9533457e-01 2.6839772e-01 1.9714923e-01 1.4714542e-02 6.9405939e-03
 5.2072681e-03 3.8473711e-03 3.4904475e-03 2.9426718e-03 1.5723837e-03
 4.0322272e-04]",Health
"['Food' 'Culture' 'Health' 'Travel' 'Science' 'Music' 'Business' 'World'
 'Sport' 'Technology' 'Politics']","[9.8668021e-01 3.7673106e-03 3.4322597e-03 3.0013244e-03 9.1224711e-04
 6.1907689e-04 5.2299991e-04 4.7077215e-04 3.3556655e-04 1.3755170e-04
 1.2069566e-04]",Food
"['Health' 'Science' 'World' 'Business' 'Food' 'Culture' 'Technology'
 'Sport' 'Music' 'Travel' 'Politics']","[9.6041977e-01 2.5563182e-02 8.8789240e-03 2.2501145e-03 7.8621315e-04
 7.4947474e-04 6.6164572e-04 3.3400295e-04 1.9143699e-04 1.1849889e-04
 4.6689333e-05]",Health
"['Music' 'Culture' 'Technology' 'Sport' 'Travel' 'Health' 'Business'
 'Science' 'World' 'Food' 'Politics']","[9.7804910e-01 1.5010152e-02 2.8128016e-03 1.3427011e-03 7.2618620e-04
 7.1219378e-04 6.8485067e-04 4.1528270e-04 1.3376889e-04 6.8868569e-05
 4.4061217e-05]",Music
"['Health' 'Science' 'Business' 'Culture' 'Technology' 'World' 'Food'
 'Politics' 'Music' 'Travel' 'Sport']","[0.6525763  0.27360508 0.04057513 0.0132324  0.00615723 0.00406283
 0.00268267 0.00220095 0.002066   0.00191248 0.00092883]",Health
"['Technology' 'Culture' 'Health' 'World' 'Sport' 'Business' 'Music'
 'Science' 'Travel' 'Food' 'Politics']","[9.9314016e-01 1.8710874e-03 1.5818398e-03 8.1393222e-04 7.1533438e-04
 6.0769269e-04 5.7857903e-04 5.6278711e-04 7.7429075e-05 3.9666105e-05
 1.1400124e-05]",Technology
"['Technology' 'Culture' 'World' 'Travel' 'Business' 'Science' 'Health'
 'Music' 'Sport' 'Food' 'Politics']","[9.8923242e-01 3.7964375e-03 1.5701221e-03 1.4426819e-03 9.5257018e-04
 9.2712994e-04 8.8549737e-04 5.4246676e-04 5.2762858e-04 9.8034034e-05
 2.4932358e-05]",Technology
"['Technology' 'Culture' 'Health' 'World' 'Science' 'Sport' 'Business'
 'Travel' 'Music' 'Food' 'Politics']","[9.8104066e-01 5.7715648e-03 3.4790114e-03 3.2068470e-03 2.1531733e-03
 1.3217621e-03 1.2489886e-03 1.2288073e-03 2.7344297e-04 1.3936099e-04
 1.3629325e-04]",Technology
"['Technology' 'Culture' 'World' 'Health' 'Travel' 'Business' 'Sport'
 'Science' 'Music' 'Food' 'Politics']","[9.8729140e-01 4.5015151e-03 2.6914109e-03 2.2120287e-03 8.1205240e-04
 8.0813275e-04 6.8915135e-04 6.0387887e-04 2.4141843e-04 8.7609907e-05
 6.1557032e-05]",Technology
"['Health' 'Science' 'Technology' 'World' 'Business' 'Culture' 'Food'
 'Music' 'Sport' 'Travel' 'Politics']","[8.2175499e-01 1.5936624e-01 5.2893735e-03 5.0057652e-03 3.0071861e-03
 3.0053772e-03 8.8820403e-04 5.3642341e-04 4.5683736e-04 4.4590631e-04
 2.4384461e-04]",Science
"['Food' 'Culture' 'Health' 'Business' 'Science' 'Music' 'Politics'
 'Technology' 'Travel' 'World' 'Sport']","[9.4210154e-01 2.6768953e-02 1.8369492e-02 5.9022941e-03 1.7115580e-03
 1.2668998e-03 1.0614190e-03 8.8774989e-04 7.6678989e-04 6.0941547e-04
 5.5397052e-04]",Health
"['Culture' 'Food' 'Business' 'Politics' 'Health' 'Travel' 'World'
 'Science' 'Music' 'Technology' 'Sport']","[7.2343087e-01 2.0811228e-01 2.6894622e-02 8.1043942e-03 8.0104033e-03
 7.9573533e-03 6.2225536e-03 5.8406447e-03 2.7183262e-03 2.1484923e-03
 5.6002749e-04]",Culture
"['Culture' 'Travel' 'Music' 'World' 'Science' 'Health' 'Business' 'Food'
 'Politics' 'Technology' 'Sport']","[0.80413824 0.06168512 0.04781837 0.04393887 0.01986982 0.00667204
 0.00654889 0.00400407 0.00252068 0.00167603 0.00112784]",Culture
"['World' 'Travel' 'Science' 'Culture' 'Food' 'Politics' 'Sport' 'Music'
 'Health' 'Technology' 'Business']","[0.5188922  0.23591241 0.1462459  0.06269392 0.01220281 0.00578737
 0.0046203  0.00444043 0.00411037 0.00307963 0.00201455]",Science
"['Science' 'Technology' 'Health' 'Culture' 'Travel' 'World' 'Business'
 'Sport' 'Food' 'Music' 'Politics']","[8.25402439e-01 5.73254116e-02 5.26000075e-02 3.78805883e-02
 1.10165225e-02 9.68820415e-03 2.45195720e-03 1.25428790e-03
 1.18032051e-03 6.02181070e-04 5.98042097e-04]",Travel
"['Travel' 'Culture' 'Science' 'World' 'Music' 'Food' 'Technology' 'Health'
 'Business' 'Sport' 'Politics']","[4.7739857e-01 4.2515513e-01 7.6540694e-02 1.2257397e-02 4.2710695e-03
 1.0047420e-03 8.9865783e-04 8.6057500e-04 8.2043058e-04 5.6850433e-04
 2.2422674e-04]",Travel
"['Travel' 'Culture' 'Music' 'World' 'Science' 'Health' 'Food' 'Sport'
 'Technology' 'Business' 'Politics']","[9.8283237e-01 6.4515029e-03 5.5449167e-03 1.2549193e-03 1.1339154e-03
 1.0683928e-03 6.8003626e-04 4.2124625e-04 2.4425291e-04 2.2163299e-04
 1.4697829e-04]",Travel
"['Sport' 'World' 'Culture' 'Music' 'Travel' 'Science' 'Business' 'Health'
 'Technology' 'Politics' 'Food']","[7.9752821e-01 6.7684263e-02 4.0589441e-02 2.3984443e-02 1.7049685e-02
 1.3975681e-02 1.3665167e-02 1.1085801e-02 9.1677830e-03 4.9236096e-03
 3.4601966e-04]",Sport
"['Technology' 'Health' 'Culture' 'Sport' 'Business' 'Science' 'Music'
 'Travel' 'World' 'Politics' 'Food']","[9.3704313e-01 1.6523201e-02 1.6166914e-02 1.0538685e-02 6.3407137e-03
 4.6380139e-03 2.9259722e-03 2.7966350e-03 1.5422849e-03 9.0193434e-04
 5.8255199e-04]",Technology
"['Food' 'Culture' 'Travel' 'Health' 'Science' 'World' 'Business' 'Music'
 'Politics' 'Sport' 'Technology']","[9.7643489e-01 1.1754998e-02 2.7182451e-03 2.7020809e-03 2.3937274e-03
 1.6345447e-03 1.3590078e-03 3.9130615e-04 2.4678119e-04 2.2742011e-04
 1.3697837e-04]",Food
"['World' 'Culture' 'Politics' 'Business' 'Health' 'Science' 'Food'
 'Technology' 'Travel' 'Music' 'Sport']","[0.9081974  0.02425709 0.0224153  0.0120273  0.00892663 0.00637456
 0.00597761 0.00420906 0.00308551 0.00233247 0.00219706]",World
"['Travel' 'Culture' 'World' 'Science' 'Music' 'Health' 'Food' 'Sport'
 'Business' 'Technology' 'Politics']","[7.8193784e-01 1.6994514e-01 2.3484491e-02 1.1109741e-02 3.3300642e-03
 3.0194237e-03 2.6484204e-03 1.9229340e-03 1.0411247e-03 9.1007899e-04
 6.5079192e-04]",Travel
"['Politics' 'Travel' 'Culture' 'World' 'Sport' 'Science' 'Technology'
 'Music' 'Business' 'Food' 'Health']","[0.46886453 0.22335485 0.09444832 0.07147162 0.04332975 0.03479979
 0.01827626 0.01769798 0.01758073 0.00699353 0.00318259]",Politics
"['Food' 'Science' 'Health' 'Culture' 'Business' 'World' 'Music'
 'Technology' 'Travel' 'Sport' 'Politics']","[7.6481503e-01 1.1383072e-01 8.2296722e-02 1.8681295e-02 6.4830780e-03
 4.1112322e-03 2.9932351e-03 2.9101905e-03 2.3068942e-03 1.3849968e-03
 1.8654444e-04]",Food
"['Business' 'Health' 'Culture' 'Technology' 'Sport' 'Politics' 'Science'
 'Food' 'World' 'Music' 'Travel']","[9.7660190e-01 9.6808616e-03 5.6604557e-03 3.7902750e-03 2.4169642e-03
 4.8633531e-04 3.7990019e-04 3.4739284e-04 2.9545717e-04 1.9987342e-04
 1.4059606e-04]",Business
"['Food' 'Culture' 'Health' 'World' 'Business' 'Music' 'Travel' 'Science'
 'Technology' 'Politics' 'Sport']","[9.6923560e-01 1.2797693e-02 9.9399704e-03 1.7914971e-03 1.4293286e-03
 1.2476216e-03 9.8978996e-04 9.0953009e-04 8.4358791e-04 4.4181332e-04
 3.7354673e-04]",Health
"['Music' 'Culture' 'Health' 'Travel' 'Science' 'Technology' 'World'
 'Business' 'Food' 'Sport' 'Politics']","[9.0607274e-01 7.5657412e-02 6.7290431e-03 2.9847650e-03 2.7628029e-03
 1.6593125e-03 1.3045680e-03 1.1450135e-03 1.0729675e-03 4.9324345e-04
 1.1816535e-04]",Music
"['Food' 'Culture' 'Business' 'Health' 'Science' 'Music' 'Travel'
 'Technology' 'Sport' 'World' 'Politics']","[9.7638386e-01 1.3228981e-02 2.5107651e-03 2.2641185e-03 2.1028405e-03
 1.0651230e-03 1.0608087e-03 4.4110962e-04 4.2141741e-04 3.1513665e-04
 2.0579017e-04]",Food
"['Sport' 'Travel' 'Business' 'Technology' 'Health' 'World' 'Science'
 'Music' 'Culture' 'Politics' 'Food']","[0.8802496  0.04511238 0.03722344 0.00907133 0.00755024 0.00552386
 0.0046868  0.0045867  0.00225981 0.00216619 0.00156966]",Sport
"['Sport' 'Health' 'Business' 'Science' 'Technology' 'Culture' 'Politics'
 'World' 'Music' 'Travel' 'Food']","[0.5934236  0.25494844 0.07077974 0.0285287  0.02377577 0.01148932
 0.00549031 0.00491315 0.00357479 0.00230436 0.00077183]",Business
"['Culture' 'Business' 'Music' 'Health' 'Travel' 'Science' 'World'
 'Technology' 'Sport' 'Politics' 'Food']","[0.88057715 0.02844854 0.02290965 0.01563058 0.01356187 0.01180782
 0.01173625 0.00677788 0.0052419  0.00193714 0.00137113]",Culture
"['World' 'Travel' 'Science' 'Health' 'Culture' 'Food' 'Business'
 'Technology' 'Music' 'Politics' 'Sport']","[0.75239366 0.08044773 0.0747347  0.03389245 0.02726012 0.01570129
 0.00857234 0.00281097 0.00164323 0.0013414  0.0012021 ]",Science
"['Health' 'Science' 'World' 'Technology' 'Culture' 'Business' 'Food'
 'Sport' 'Travel' 'Music' 'Politics']","[8.2387859e-01 1.4451106e-01 1.0195891e-02 6.4033978e-03 4.7599487e-03
 4.1819615e-03 1.8111003e-03 1.7402819e-03 1.5266972e-03 7.0479710e-04
 2.8628454e-04]",Health
"['Culture' 'Science' 'Travel' 'Health' 'Music' 'Business' 'Sport' 'Food'
 'Politics' 'World' 'Technology']","[0.9067348  0.03879599 0.01668864 0.01146801 0.00792483 0.0053735
 0.00492942 0.00264525 0.00197163 0.0017397  0.00172828]",Culture
"['Food' 'Culture' 'Science' 'Health' 'Travel' 'World' 'Business'
 'Technology' 'Music' 'Sport' 'Politics']","[5.4037285e-01 2.0544069e-01 1.9718666e-01 1.7025987e-02 1.6898287e-02
 1.5957659e-02 3.8836559e-03 1.4347747e-03 8.0751005e-04 5.0849986e-04
 4.8330615e-04]",Science
"['Technology' 'Business' 'Sport' 'Culture' 'World' 'Science' 'Travel'
 'Politics' 'Health' 'Music' 'Food']","[0.80391943 0.10574771 0.03670385 0.02057927 0.00879817 0.00865702
 0.00475934 0.00379347 0.00311025 0.00275753 0.00117405]",Technology
"['Politics' 'Science' 'Culture' 'Travel' 'Health' 'World' 'Business'
 'Food' 'Music' 'Technology' 'Sport']","[0.5900475  0.15827608 0.07889313 0.04893506 0.0414715  0.03899838
 0.02884864 0.00683385 0.00334781 0.00224373 0.00210435]",World
"['Travel' 'Music' 'Sport' 'Culture' 'World' 'Technology' 'Health'
 'Science' 'Food' 'Politics' 'Business']","[9.9319637e-01 1.9621125e-03 1.3246647e-03 1.2112861e-03 5.1131286e-04
 4.4174038e-04 4.0304317e-04 3.5453698e-04 3.2703622e-04 1.4986451e-04
 1.1796499e-04]",Travel
"['Health' 'Science' 'Business' 'Culture' 'World' 'Sport' 'Politics' 'Food'
 'Technology' 'Travel' 'Music']","[9.5651317e-01 2.6926566e-02 1.0132380e-02 1.7712682e-03 1.4618273e-03
 8.2724501e-04 5.4351165e-04 5.3506932e-04 5.1466818e-04 4.7412058e-04
 3.0016998e-04]",Science
"['Business' 'Sport' 'Science' 'Travel' 'Culture' 'Technology' 'Politics'
 'World' 'Health' 'Music' 'Food']","[0.4529731  0.18755138 0.129392   0.08552741 0.05395568 0.02625255
 0.02442222 0.01824993 0.01035198 0.00716999 0.00415376]",Health
"['Technology' 'Culture' 'Business' 'Sport' 'Health' 'Science' 'Travel'
 'Music' 'World' 'Politics' 'Food']","[9.5623392e-01 2.8545052e-02 3.3838076e-03 3.1405098e-03 2.3091480e-03
 2.3056283e-03 1.3536818e-03 1.3105983e-03 9.3628914e-04 3.1184262e-04
 1.6950467e-04]",Technology
"['Culture' 'Music' 'Technology' 'Travel' 'Politics' 'Business' 'Food'
 'Sport' 'Science' 'World' 'Health']","[0.528092   0.15919222 0.06559812 0.06051734 0.04728585 0.04587967
 0.0308376  0.02228288 0.01863572 0.01151863 0.01015988]",Sport
"['Culture' 'World' 'Travel' 'Science' 'Music' 'Health' 'Food' 'Business'
 'Politics' 'Technology' 'Sport']","[9.14700925e-01 2.83209831e-02 2.21300833e-02 1.43451635e-02
 1.29262693e-02 3.38286394e-03 1.47918088e-03 1.27555430e-03
 5.69699914e-04 5.42329857e-04 3.26939626e-04]",Culture
"['Music' 'Culture' 'Health' 'Business' 'Travel' 'Sport' 'Technology'
 'Science' 'World' 'Food' 'Politics']","[9.8501992e-01 1.0939114e-02 9.4614265e-04 6.5997470e-04 6.5085042e-04
 6.1885052e-04 5.2447635e-04 3.1709706e-04 1.7848979e-04 8.1027916e-05
 6.4041720e-05]",Music
"['Health' 'Science' 'Business' 'Sport' 'Technology' 'Culture' 'Food'
 'World' 'Music' 'Travel' 'Politics']","[9.2088032e-01 5.0057892e-02 1.4498813e-02 4.2143604e-03 2.2798211e-03
 2.1182324e-03 1.9237945e-03 1.8258434e-03 9.8055659e-04 8.0108241e-04
 4.1939903e-04]",Sport
"['World' 'Travel' 'Technology' 'Culture' 'Politics' 'Science' 'Food'
 'Business' 'Sport' 'Music' 'Health']","[0.81563175 0.09776433 0.02173498 0.0212329  0.01274153 0.0100577
 0.00682357 0.00612588 0.00512075 0.0017567  0.00100994]",World
